1.115162710312499,-1.0778966,-8.615775499999998,6.63631905
1.115162710312499,-1.0778966,-8.615775499999998,6.63631905
0.9867943987013948,-2.0389483,-7.174197949999999,6.1557932
1.0530728786416867,-1.55842245,-8.135249649999999,6.1557932
1.0530728786416867,-1.55842245,-8.135249649999999,6.1557932
1.1542133031931208,-1.0778966,-9.096301350000001,6.63631905
1.0706259837264815,-0.5973707500000001,-9.096301350000001,5.1947415
1.04679126277724,-1.0778966,-8.135249649999999,6.1557932
1.04679126277724,-1.0778966,-8.135249649999999,6.1557932
1.039602073156832,-1.0778966,-7.6547238,6.63631905
1.039602073156832,-1.0778966,-7.6547238,6.63631905
1.0032833843679976,-1.0778966,-7.174197949999999,6.63631905
1.0032833843679976,-1.0778966,-7.174197949999999,6.63631905
1.0682710012397292,-0.5973707500000001,-7.6547238,7.1168449
1.0730302373155167,-0.5973707500000001,-8.135249649999999,6.63631905
1.0730302373155167,-0.5973707500000001,-8.135249649999999,6.63631905
0.9785566225846459,-1.0778966,-7.6547238,5.67526735
1.0139992521129786,-0.5973707500000001,-8.135249649999999,5.67526735
1.0957312269290613,-0.5973707500000001,-9.096301350000001,5.67526735
1.0957312269290613,-0.5973707500000001,-9.096301350000001,5.67526735
1.0181240120822583,-1.0778966,-8.135249649999999,5.67526735
1.1617563694861635,-0.11684489999999981,-9.5768272,6.1557932
1.1224180885551338,-0.5973707500000001,-9.096301350000001,6.1557932
1.28066835708079,-1.55842245,-10.537878899999999,6.63631905
1.307258170025552,-1.55842245,-10.537878899999999,7.1168449
1.3171087489516746,-1.0778966,-11.018404749999998,6.63631905
1.3171087489516746,-1.0778966,-11.018404749999998,6.63631905
1.2224769239319406,-1.0778966,-9.5768272,7.1168449
1.4017525193415319,-1.0778966,-11.97945645,6.63631905
1.3478792522846808,-1.55842245,-11.018404749999998,7.1168449
1.4128339338008895,-2.0389483,-11.97945645,6.63631905
1.4128339338008895,-2.0389483,-11.97945645,6.63631905
1.427016753790635,-1.55842245,-12.4599823,6.1557932
1.4431553775112396,-0.5973707500000001,-12.94050815,5.67526735
1.4431553775112396,-0.5973707500000001,-12.94050815,5.67526735
1.2925832636645216,-1.0778966,-11.018404749999998,6.1557932
1.2922276114803621,-1.0778966,-11.498930599999998,5.1947415
1.2445107891566738,-0.5973707500000001,-11.018404749999998,5.1947415
1.2445107891566738,-0.5973707500000001,-11.018404749999998,5.1947415
1.0954557736988533,-0.11684489999999981,-10.05735305,3.7531639500000002
1.1141004159694954,0.36368095,-10.05735305,4.2336898
1.1141004159694954,0.36368095,-10.05735305,4.2336898
1.2234746483475283,0.36368095,-11.018404749999998,4.71421565
1.2234746483475283,0.36368095,-11.018404749999998,4.71421565
0.9149641611842164,0.36368095,-8.135249649999999,3.7531639500000002
0.9397682268495311,0.8442067999999998,-8.135249649999999,4.2336898
0.9967391390407911,1.8052584999999999,-8.615775499999998,4.2336898
0.9967391390407911,1.8052584999999999,-8.615775499999998,4.2336898
1.0769762359202655,1.3247326499999996,-9.5768272,4.2336898
1.0769762359202655,1.3247326499999996,-9.5768272,4.2336898
1.0842224809050096,1.8052584999999999,-9.5768272,4.2336898
1.0402448702551883,1.8052584999999999,-9.096301350000001,4.2336898
1.0402448702551883,1.8052584999999999,-9.096301350000001,4.2336898
1.0289450384178218,2.28578435,-8.615775499999998,4.71421565
0.9617805378448905,1.8052584999999999,-7.6547238,5.1947415
0.9617805378448905,1.8052584999999999,-7.6547238,5.1947415
0.913874338435704,1.3247326499999996,-7.174197949999999,5.1947415
0.9431612964326226,1.3247326499999996,-7.174197949999999,5.67526735
0.913874338435704,1.3247326499999996,-7.174197949999999,5.1947415
0.8892199639754204,1.8052584999999999,-7.6547238,3.7531639500000002
0.8892199639754204,1.8052584999999999,-7.6547238,3.7531639500000002
0.9684353199512875,1.3247326499999996,-8.615775499999998,3.7531639500000002
1.0502479957804742,0.36368095,-9.5768272,3.7531639500000002
1.1141004159694954,0.36368095,-10.05735305,4.2336898
1.1141004159694954,0.36368095,-10.05735305,4.2336898
1.0022313162768992,-0.11684489999999981,-8.615775499999998,4.71421565
0.8647736501923347,-1.55842245,-7.174197949999999,4.2336898
0.8115658122352792,-1.55842245,-6.21314625,4.71421565
0.8115658122352792,-1.55842245,-6.21314625,4.71421565
1.0245813993443342,-1.55842245,-8.135249649999999,5.67526735
0.9657179577471157,-1.0778966,-8.135249649999999,4.71421565
0.9657179577471157,-1.0778966,-8.135249649999999,4.71421565
0.9817335549599109,-2.0389483,-8.135249649999999,4.71421565
0.9817335549599109,-2.0389483,-8.135249649999999,4.71421565
0.8504216309160645,-1.55842245,-6.6936721,4.71421565
0.8345334763986785,-2.0389483,-6.6936721,4.2336898
0.8345334763986785,-2.0389483,-6.6936721,4.2336898
0.9310200177466511,-1.55842245,-7.6547238,4.71421565
0.9274593343230654,-2.0389483,-7.174197949999999,5.1947415
0.8345334763986785,-2.0389483,-6.6936721,4.2336898
1.03247350519354,-1.0778966,-8.615775499999998,5.1947415
1.03247350519354,-1.0778966,-8.615775499999998,5.1947415
1.0066673623199816,-2.0389483,-8.135249649999999,5.1947415
1.0179325894608338,-2.51947415,-8.135249649999999,5.1947415
1.0179325894608338,-2.51947415,-8.135249649999999,5.1947415
0.9586609863342226,-2.0389483,-8.135249649999999,4.2336898
1.0474689197993414,-2.0389483,-8.615775499999998,5.1947415
1.0659424052527464,-2.0389483,-9.096301350000001,4.71421565
1.1523453156681358,-2.0389483,-10.05735305,4.71421565
1.1523453156681358,-2.0389483,-10.05735305,4.71421565
1.100755717772361,-1.55842245,-9.5768272,4.71421565
1.1646609453883885,-2.51947415,-9.5768272,5.67526735
1.189060972991068,-1.55842245,-10.05735305,5.67526735
1.189060972991068,-1.55842245,-10.05735305,5.67526735
1.1602967434882234,-1.0778966,-10.05735305,5.1947415
1.2694786526985522,-1.0778966,-11.018404749999998,5.67526735
1.2694786526985522,-1.0778966,-11.018404749999998,5.67526735
1.2694786526985522,-1.0778966,-11.018404749999998,5.67526735
1.287593366594352,-0.11684489999999981,-11.498930599999998,5.1947415
1.1117983151436266,-0.11684489999999981,-9.5768272,5.1947415
1.1551333303021396,-0.11684489999999981,-10.05735305,5.1947415
1.1551333303021396,-0.11684489999999981,-10.05735305,5.1947415
1.133470160766867,-0.11684489999999981,-10.05735305,4.71421565
1.1780495073547195,-0.11684489999999981,-10.537878899999999,4.71421565
1.1784396189080208,-0.11684489999999981,-10.05735305,5.67526735
1.1784396189080208,-0.11684489999999981,-10.05735305,5.67526735
1.0909127323538907,-0.5973707500000001,-9.5768272,4.71421565
1.1359940220764264,-0.11684489999999981,-9.5768272,5.67526735
1.1359940220764264,-0.11684489999999981,-9.5768272,5.67526735
1.1113981508796587,-0.5973707500000001,-8.615775499999998,6.63631905
1.1113981508796587,-0.5973707500000001,-8.615775499999998,6.63631905
1.1224180885551338,-0.5973707500000001,-9.096301350000001,6.1557932
1.151343082076747,-1.55842245,-8.615775499999998,7.1168449
1.115162710312499,-1.0778966,-8.615775499999998,6.63631905
1.1599133110590178,-1.55842245,-9.096301350000001,6.63631905
1.1542133031931208,-1.0778966,-9.096301350000001,6.63631905
1.1419362206573838,-0.5973707500000001,-8.615775499999998,7.1168449
1.151343082076747,-1.55842245,-8.615775499999998,7.1168449
1.1904666955621637,-2.0389483,-8.615775499999998,7.59737075
1.1904666955621637,-2.0389483,-8.615775499999998,7.59737075
1.139909639062465,-2.0389483,-9.096301350000001,6.1557932
1.1136420167087917,-2.0389483,-9.096301350000001,5.67526735
1.0836907496647457,-2.51947415,-8.615775499999998,5.67526735
1.0474689197993414,-2.0389483,-8.615775499999998,5.1947415
1.0388417005639283,-1.55842245,-8.615775499999998,5.1947415
1.1055313122043084,-1.55842245,-9.096301350000001,5.67526735
1.1310351960702352,-2.0389483,-9.5768272,5.1947415
1.1310351960702352,-2.0389483,-9.5768272,5.1947415
1.036489043079311,-2.51947415,-9.096301350000001,3.7531639500000002
1.055590310408001,-2.51947415,-9.096301350000001,4.2336898
1.0346111882469298,-2.51947415,-8.615775499999998,4.71421565
0.9496721002755001,-2.51947415,-8.135249649999999,3.7531639500000002
0.8447046162486178,-2.51947415,-7.174197949999999,3.2726381
0.9375870731380153,-2.0389483,-8.135249649999999,3.7531639500000002
0.8310946458650511,-2.0389483,-7.174197949999999,3.2726381
0.8413513529217029,-1.55842245,-7.174197949999999,3.7531639500000002
0.9165301120776663,-2.0389483,-7.6547238,4.2336898
0.9165301120776663,-2.0389483,-7.6547238,4.2336898
0.9129129146436195,-2.51947415,-7.174197949999999,4.71421565
0.9316592283846962,-2.51947415,-6.6936721,5.67526735
0.9316592283846962,-2.51947415,-6.6936721,5.67526735
0.8363287063292297,-2.51947415,-6.21314625,4.71421565
0.8363287063292297,-2.51947415,-6.21314625,4.71421565
0.7767450349494066,-1.55842245,-6.6936721,3.2726381
0.7767450349494066,-1.55842245,-6.6936721,3.2726381
0.8828435945160243,-1.0778966,-7.174197949999999,4.71421565
0.8902827372705224,-1.55842245,-7.174197949999999,4.71421565
0.8902827372705224,-1.55842245,-7.174197949999999,4.71421565
0.8284319757629262,-0.5973707500000001,-7.174197949999999,3.7531639500000002
0.9398819832517212,-1.0778966,-7.174197949999999,5.67526735
0.9742643598692681,-0.5973707500000001,-7.6547238,5.67526735
1.0083493975069175,-1.0778966,-7.6547238,6.1557932
1.04679126277724,-1.0778966,-8.135249649999999,6.1557932
1.04679126277724,-1.0778966,-8.135249649999999,6.1557932
1.0181240120822583,-1.0778966,-8.135249649999999,5.67526735
1.2344532654152038,-1.0778966,-10.05735305,6.63631905
1.307258170025552,-1.55842245,-10.537878899999999,7.1168449
1.3545396036493558,-2.0389483,-11.018404749999998,7.1168449
1.2876763956612136,-2.0389483,-10.537878899999999,6.63631905
1.2069908642133624,-2.0389483,-9.5768272,6.63631905
1.2069908642133624,-2.0389483,-9.5768272,6.63631905
1.1773722973694891,-2.51947415,-9.096301350000001,6.63631905
1.1995115202362479,-1.55842245,-9.5768272,6.63631905
1.2478738417885686,-1.0778966,-11.018404749999998,5.1947415
1.1604327886807781,-0.5973707500000001,-10.537878899999999,4.2336898
1.2696029984815735,-0.5973707500000001,-11.498930599999998,4.71421565
1.0741055460659845,-1.0778966,-9.5768272,4.2336898
1.0256177189330007,-0.5973707500000001,-9.096301350000001,4.2336898
1.0256177189330007,-0.5973707500000001,-9.096301350000001,4.2336898
1.0685257142040347,-0.11684489999999981,-9.5768272,4.2336898
1.1556677846614773,0.36368095,-10.05735305,5.1947415
1.1582795713664933,0.8442067999999998,-10.05735305,5.1947415
1.1141004159694954,0.36368095,-10.05735305,4.2336898
1.1551333303021396,-0.11684489999999981,-10.05735305,5.1947415
1.0455085318267765,-0.11684489999999981,-9.096301350000001,4.71421565
1.112353590943843,0.36368095,-9.5768272,5.1947415
0.9601513784139724,0.36368095,-8.135249649999999,4.71421565
0.9440501134964369,-0.11684489999999981,-7.6547238,5.1947415
1.027268725544405,0.36368095,-8.615775499999998,5.1947415
0.9397682268495311,0.8442067999999998,-8.135249649999999,4.2336898
0.9397682268495311,0.8442067999999998,-8.135249649999999,4.2336898
1.0489836246541782,0.8442067999999998,-9.096301350000001,4.71421565
1.032690086487424,1.3247326499999996,-9.096301350000001,4.2336898
1.032690086487424,1.3247326499999996,-9.096301350000001,4.2336898
1.0402448702551883,1.8052584999999999,-9.096301350000001,4.2336898
0.918088900431786,0.36368095,-7.6547238,4.71421565
0.9684353199512875,1.3247326499999996,-8.615775499999998,3.7531639500000002
0.9856313077902383,0.36368095,-8.135249649999999,5.1947415
0.8767509953989021,0.36368095,-7.174197949999999,4.71421565
0.918088900431786,0.36368095,-7.6547238,4.71421565
0.9039002686300933,-0.11684489999999981,-7.174197949999999,5.1947415
0.945940864047169,-0.5973707500000001,-7.6547238,5.1947415
1.04679126277724,-1.0778966,-8.135249649999999,6.1557932
1.0122356355137918,-0.11684489999999981,-8.135249649999999,5.67526735
0.9785566225846459,-1.0778966,-7.6547238,5.67526735
0.9785566225846459,-1.0778966,-7.6547238,5.67526735
0.9852733648628633,-1.55842245,-7.6547238,5.67526735
0.9852733648628633,-1.55842245,-7.6547238,5.67526735
0.9852733648628633,-1.55842245,-7.6547238,5.67526735
1.0860865100958113,-1.0778966,-8.615775499999998,6.1557932
1.0584840402971623,-1.0778966,-8.615775499999998,5.67526735
1.0646966720468907,-1.55842245,-8.615775499999998,5.67526735
1.051210546131005,-1.0778966,-9.096301350000001,4.71421565
1.0081781258788498,-1.0778966,-8.615775499999998,4.71421565
1.117162036470391,-1.0778966,-9.5768272,5.1947415
1.0584840402971623,-1.0778966,-8.615775499999998,5.67526735
1.0284063001721842,-0.5973707500000001,-8.615775499999998,5.1947415
1.0284063001721842,-0.5973707500000001,-8.615775499999998,5.1947415
1.0284063001721842,-0.5973707500000001,-8.615775499999998,5.1947415
0.9976873855297681,-1.55842245,-8.135249649999999,5.1947415
1.0146988092062146,-1.55842245,-8.615775499999998,4.71421565
1.0146988092062146,-1.55842245,-8.615775499999998,4.71421565
1.004012506300492,-0.5973707500000001,-8.615775499999998,4.71421565
1.1350454206024254,-0.5973707500000001,-10.05735305,4.71421565
1.1350454206024254,-0.5973707500000001,-10.05735305,4.71421565
1.1599133110590178,-1.55842245,-9.096301350000001,6.63631905
1.03247350519354,-1.0778966,-8.615775499999998,5.1947415
1.0706259837264815,-0.5973707500000001,-9.096301350000001,5.1947415
1.004012506300492,-0.5973707500000001,-8.615775499999998,4.71421565
1.054517161013044,-0.5973707500000001,-8.615775499999998,5.67526735
1.1224180885551338,-0.5973707500000001,-9.096301350000001,6.1557932
1.1224180885551338,-0.5973707500000001,-9.096301350000001,6.1557932
1.0995494269746406,-1.0778966,-9.096301350000001,5.67526735
1.1375657869657676,-0.5973707500000001,-9.5768272,5.67526735
1.1551333303021396,-0.11684489999999981,-10.05735305,5.1947415
1.1617563694861635,-0.11684489999999981,-9.5768272,6.1557932
1.1617563694861635,-0.11684489999999981,-9.5768272,6.1557932
1.094747738204846,-1.0778966,-9.5768272,4.71421565
1.0706259837264815,-0.5973707500000001,-9.096301350000001,5.1947415
1.1189013545922677,-1.0778966,-10.05735305,4.2336898
1.0345078484963022,-0.5973707500000001,-9.5768272,3.2726381
1.0954557736988533,-0.11684489999999981,-10.05735305,3.7531639500000002
1.0909127323538907,-0.5973707500000001,-9.5768272,4.71421565
1.1387318066706187,-1.0778966,-10.05735305,4.71421565
1.0909127323538907,-0.5973707500000001,-9.5768272,4.71421565
1.094747738204846,-1.0778966,-9.5768272,4.71421565
1.0513607070806468,-0.5973707500000001,-9.5768272,3.7531639500000002
1.0513607070806468,-0.5973707500000001,-9.5768272,3.7531639500000002
1.1189013545922677,-1.0778966,-10.05735305,4.2336898
1.0360812062700713,-1.55842245,-9.096301350000001,4.2336898
1.0360812062700713,-1.55842245,-9.096301350000001,4.2336898
1.0848161256692064,-1.0778966,-10.05735305,3.2726381
1.038551158727023,-1.0778966,-9.5768272,3.2726381
1.0553394511179388,-1.0778966,-9.5768272,3.7531639500000002
1.0553394511179388,-1.0778966,-9.5768272,3.7531639500000002
1.0970856181774615,-0.5973707500000001,-10.05735305,3.7531639500000002
1.2224769239319406,-1.0778966,-9.5768272,7.1168449
1.0701965723159985,-0.5973707500000001,-9.5768272,4.2336898
1.0745333953503218,-1.0778966,-9.096301350000001,5.1947415
1.051210546131005,-1.0778966,-9.096301350000001,4.71421565
1.051210546131005,-1.0778966,-9.096301350000001,4.71421565
0.9424208252136684,-0.5973707500000001,-8.615775499999998,3.2726381
1.005947482916249,-0.5973707500000001,-9.096301350000001,3.7531639500000002
1.0238741152640114,-0.11684489999999981,-9.096301350000001,4.2336898
1.0741055460659845,-1.0778966,-9.5768272,4.2336898
1.1604327886807781,-0.5973707500000001,-10.537878899999999,4.2336898
1.1189013545922677,-1.0778966,-10.05735305,4.2336898
1.100755717772361,-1.55842245,-9.5768272,4.71421565
1.1831129125967486,-1.0778966,-10.537878899999999,4.71421565
1.251847389875652,-0.5973707500000001,-11.498930599999998,4.2336898
1.2694786526985522,-1.0778966,-11.018404749999998,5.67526735
1.2694786526985522,-1.0778966,-11.018404749999998,5.67526735
1.2149203156105,-1.55842245,-11.018404749999998,4.2336898
1.2746633240041274,-1.55842245,-11.018404749999998,5.67526735
1.2603089795915627,-2.0389483,-11.018404749999998,5.1947415
1.2603089795915627,-2.0389483,-11.018404749999998,5.1947415
1.1523453156681358,-2.0389483,-10.05735305,4.71421565
1.24808600319109,-2.51947415,-10.537878899999999,5.67526735
1.24808600319109,-2.51947415,-10.537878899999999,5.67526735
1.177359705764218,-2.0389483,-10.537878899999999,4.2336898
1.177359705764218,-2.0389483,-10.537878899999999,4.2336898
1.1602648446597923,-2.0389483,-10.537878899999999,3.7531639500000002
1.1962214523122907,-2.0389483,-10.537878899999999,4.71421565
1.1445089197674483,-1.55842245,-10.05735305,4.71421565
1.1640387784512345,-1.0778966,-10.537878899999999,4.2336898
1.1640387784512345,-1.0778966,-10.537878899999999,4.2336898
1.1008991208574095,-1.0778966,-10.05735305,3.7531639500000002
1.1350454206024254,-0.5973707500000001,-10.05735305,4.71421565
1.2229698268639553,-0.11684489999999981,-11.018404749999998,4.71421565
1.2229698268639553,-0.11684489999999981,-11.018404749999998,4.71421565
1.2652492028103879,0.36368095,-11.018404749999998,5.67526735
1.2904166894332283,0.8442067999999998,-11.498930599999998,5.1947415
1.1785735698326822,0.36368095,-10.537878899999999,4.71421565
1.1785735698326822,0.36368095,-10.537878899999999,4.71421565
1.2019391007346327,0.8442067999999998,-10.537878899999999,5.1947415
1.2780499652468358,1.8052584999999999,-11.018404749999998,5.67526735
1.2780499652468358,1.8052584999999999,-11.018404749999998,5.67526735
1.1696684132520137,1.8052584999999999,-10.05735305,5.1947415
1.1268924881020275,1.8052584999999999,-9.5768272,5.1947415
1.061396981440536,1.3247326499999996,-8.615775499999998,5.67526735
1.0527612728015299,2.28578435,-8.615775499999998,5.1947415
0.9356513226363559,1.8052584999999999,-7.6547238,4.71421565
0.9356513226363559,1.8052584999999999,-7.6547238,4.71421565
0.8653810209422522,0.36368095,-6.6936721,5.1947415
0.758260284935506,0.36368095,-5.732620400000001,4.71421565
0.7574454712921712,-0.11684489999999981,-5.732620400000001,4.71421565
0.6291539887108192,-1.0778966,-4.7715687,3.7531639500000002
0.7227283716197314,-0.5973707500000001,-5.25209455,4.71421565
0.7598007261530413,-0.5973707500000001,-5.732620400000001,4.71421565
0.8336827532768286,-1.0778966,-6.21314625,5.1947415
0.950361057160435,-1.0778966,-7.6547238,5.1947415
0.9003346107958633,-2.0389483,-7.174197949999999,4.71421565
1.0245813993443342,-1.55842245,-8.135249649999999,5.67526735
1.0646966720468907,-1.55842245,-8.615775499999998,5.67526735
1.1055313122043084,-1.55842245,-9.096301350000001,5.67526735
1.1548279263105845,-2.0389483,-9.5768272,5.67526735
1.1548279263105845,-2.0389483,-9.5768272,5.67526735
1.058299917921082,-2.51947415,-8.615775499999998,5.1947415
1.1646609453883885,-2.51947415,-9.5768272,5.67526735
1.1646609453883885,-2.51947415,-9.5768272,5.67526735
1.089337820503573,-3.0,-9.096301350000001,4.71421565
1.423366444472478,0.36368095,-12.94050815,5.1947415
1.423366444472478,0.36368095,-12.94050815,5.1947415
1.1007019367987498,-3.9610517,-9.096301350000001,4.2336898
1.041965037281251,-3.48052585,-8.615775499999998,4.2336898
1.0574659106566822,-1.55842245,-9.096301350000001,4.71421565
1.0933227483082664,-3.0,-9.5768272,3.7531639500000002
1.036489043079311,-2.51947415,-9.096301350000001,3.7531639500000002
0.9749544655184365,-2.51947415,-8.615775499999998,3.2726381
0.9749544655184365,-2.51947415,-8.615775499999998,3.2726381
0.9586609863342226,-2.0389483,-8.135249649999999,4.2336898
1.0146988092062146,-1.55842245,-8.615775499999998,4.71421565
1.0921421369565496,-1.55842245,-8.615775499999998,6.1557932
1.0921421369565496,-1.55842245,-8.615775499999998,6.1557932
1.088949776960377,-2.0389483,-9.096301350000001,5.1947415
0.9852733648628633,-1.55842245,-7.6547238,5.67526735
1.0830357569305402,-1.55842245,-8.135249649999999,6.63631905
1.0830357569305402,-1.55842245,-8.135249649999999,6.63631905
1.0245813993443342,-1.55842245,-8.135249649999999,5.67526735
0.9785566225846459,-1.0778966,-7.6547238,5.67526735
1.0181240120822583,-1.0778966,-8.135249649999999,5.67526735
0.8415565774296777,-1.55842245,-6.21314625,5.1947415
0.9177046135374599,-1.55842245,-7.174197949999999,5.1947415
0.9177046135374599,-1.55842245,-7.174197949999999,5.1947415
1.1084170664315545,-1.0778966,-8.135249649999999,7.1168449
1.0830357569305402,-1.55842245,-8.135249649999999,6.63631905
1.0830357569305402,-1.55842245,-8.135249649999999,6.63631905
1.0098356743811454,-1.55842245,-7.174197949999999,6.63631905
0.7731247407091445,-1.55842245,-4.7715687,5.67526735
0.7731247407091445,-1.55842245,-4.7715687,5.67526735
0.9680863326155099,-1.0778966,-6.6936721,6.63631905
0.8975576414896366,-0.5973707500000001,-6.6936721,5.67526735
0.8975576414896366,-0.5973707500000001,-6.6936721,5.67526735
0.7617720953559193,-1.0778966,-5.25209455,5.1947415
0.7617720953559193,-1.0778966,-5.25209455,5.1947415
0.7227283716197314,-0.5973707500000001,-5.25209455,4.71421565
0.9657179577471157,-1.0778966,-8.135249649999999,4.71421565
1.2094795712946942,-1.0778966,-11.018404749999998,4.2336898
1.2094795712946942,-1.0778966,-11.018404749999998,4.2336898
1.2149203156105,-1.55842245,-11.018404749999998,4.2336898
1.1427761892223454,-2.51947415,-10.05735305,4.2336898
1.170052173229716,-2.51947415,-10.537878899999999,3.7531639500000002
1.1118611840538004,-3.0,-9.096301350000001,5.1947415
1.0836565958425088,-3.48052585,-9.096301350000001,4.2336898
1.0836565958425088,-3.48052585,-9.096301350000001,4.2336898
1.098954003329912,-2.51947415,-9.5768272,4.2336898
1.098954003329912,-2.51947415,-9.5768272,4.2336898
0.9929777347569692,-2.0389483,-9.096301350000001,2.7921122500000006
1.025427695206881,-2.0389483,-9.096301350000001,3.7531639500000002
1.124780325758026,-1.55842245,-10.05735305,4.2336898
1.1523453156681358,-2.0389483,-10.05735305,4.71421565
1.132753212455112,-2.0389483,-10.05735305,4.2336898
1.0127440074524283,-2.51947415,-8.615775499999998,4.2336898
0.9704836243056728,-2.51947415,-8.135249649999999,4.2336898
1.0993721822332165,-2.51947415,-9.096301350000001,5.1947415
1.0993721822332165,-2.51947415,-9.096301350000001,5.1947415
1.076587567103661,-2.51947415,-9.096301350000001,4.71421565
1.1410732636758278,-2.51947415,-9.5768272,5.1947415
0.9720506263491606,-1.55842245,-8.615775499999998,3.7531639500000002
1.0014204143638348,-2.0389483,-8.615775499999998,4.2336898
0.8447046162486178,-2.51947415,-7.174197949999999,3.2726381
1.0346111882469298,-2.51947415,-8.615775499999998,4.71421565
1.0615704861147148,-1.55842245,-9.5768272,3.7531639500000002
1.098954003329912,-2.51947415,-9.5768272,4.2336898
1.025427695206881,-2.0389483,-9.096301350000001,3.7531639500000002
1.025427695206881,-2.0389483,-9.096301350000001,3.7531639500000002
0.9812652441113159,-2.0389483,-8.615775499999998,3.7531639500000002
0.9704836243056728,-2.51947415,-8.135249649999999,4.2336898
0.9749544655184365,-2.51947415,-8.615775499999998,3.2726381
0.9145380919718245,-2.51947415,-8.135249649999999,2.7921122500000006
0.9496721002755001,-2.51947415,-8.135249649999999,3.7531639500000002
0.9586609863342226,-2.0389483,-8.135249649999999,4.2336898
0.8875363710151855,-2.51947415,-7.6547238,3.2726381
0.9537974483049984,-1.55842245,-8.615775499999998,3.2726381
0.9537974483049984,-1.55842245,-8.615775499999998,3.2726381
0.9537974483049984,-1.55842245,-8.615775499999998,3.2726381
0.9812652441113159,-2.0389483,-8.615775499999998,3.7531639500000002
0.9720506263491606,-1.55842245,-8.615775499999998,3.7531639500000002
1.044731221463727,-2.0389483,-9.096301350000001,4.2336898
1.1089013523860412,-2.0389483,-9.5768272,4.71421565
1.036489043079311,-2.51947415,-9.096301350000001,3.7531639500000002
1.036489043079311,-2.51947415,-9.096301350000001,3.7531639500000002
1.0127440074524283,-2.51947415,-8.615775499999998,4.2336898
1.0081414138426346,-2.0389483,-9.096301350000001,3.2726381
1.0448823135631888,-1.55842245,-9.5768272,3.2726381
1.044731221463727,-2.0389483,-9.096301350000001,4.2336898
1.0081781258788498,-1.0778966,-8.615775499999998,4.71421565
1.0081781258788498,-1.0778966,-8.615775499999998,4.71421565
0.9812652441113159,-2.0389483,-8.615775499999998,3.7531639500000002
0.9812652441113159,-2.0389483,-8.615775499999998,3.7531639500000002
0.8919491489015788,-1.55842245,-8.135249649999999,2.7921122500000006
0.9720506263491606,-1.55842245,-8.615775499999998,3.7531639500000002
0.9991746850223847,-1.55842245,-9.096301350000001,3.2726381
0.9991746850223847,-1.55842245,-9.096301350000001,3.2726381
0.8797731091761881,-0.5973707500000001,-8.135249649999999,2.7921122500000006
0.985724732004666,-1.0778966,-8.615775499999998,4.2336898
1.094747738204846,-1.0778966,-9.5768272,4.71421565
1.094747738204846,-1.0778966,-9.5768272,4.71421565
1.1640387784512345,-1.0778966,-10.537878899999999,4.2336898
1.0296959386547693,-1.0778966,-9.096301350000001,4.2336898
1.0296959386547693,-1.0778966,-9.096301350000001,4.2336898
1.0245813993443342,-1.55842245,-8.135249649999999,5.67526735
1.0245813993443342,-1.55842245,-8.135249649999999,5.67526735
0.9440501134964369,-0.11684489999999981,-7.6547238,5.1947415
0.9440501134964369,-0.11684489999999981,-7.6547238,5.1947415
0.8376421609095525,-0.5973707500000001,-6.6936721,4.71421565
0.7431926087991457,-0.5973707500000001,-6.21314625,3.7531639500000002
0.9802717698886679,0.36368095,-8.615775499999998,4.2336898
1.3496039064170238,1.3247326499999996,-12.4599823,4.2336898
1.160457575939844,0.36368095,-11.018404749999998,2.7921122500000006
1.160457575939844,0.36368095,-11.018404749999998,2.7921122500000006
1.3058024753715152,0.8442067999999998,-12.4599823,2.7921122500000006
1.2677305640604435,0.36368095,-11.97945645,3.2726381
1.2045270072541887,-0.11684489999999981,-11.018404749999998,4.2336898
1.2050395549251436,0.36368095,-11.018404749999998,4.2336898
1.1151494162737194,-0.5973707500000001,-10.05735305,4.2336898
1.133470160766867,-0.11684489999999981,-10.05735305,4.71421565
1.1566790878444122,-0.5973707500000001,-10.05735305,5.1947415
1.1134042370306827,-0.5973707500000001,-9.5768272,5.1947415
1.051210546131005,-1.0778966,-9.096301350000001,4.71421565
1.051210546131005,-1.0778966,-9.096301350000001,4.71421565
1.1134042370306827,-0.5973707500000001,-9.5768272,5.1947415
1.0954557736988533,-0.11684489999999981,-10.05735305,3.7531639500000002
1.0691034653599705,0.36368095,-9.5768272,4.2336898
1.0691034653599705,0.36368095,-9.5768272,4.2336898
1.0041697251480288,-0.11684489999999981,-9.096301350000001,3.7531639500000002
1.0041697251480288,-0.11684489999999981,-9.096301350000001,3.7531639500000002
1.0502479957804742,0.36368095,-9.5768272,3.7531639500000002
0.9901931850811909,0.8442067999999998,-9.096301350000001,3.2726381
0.941179328313259,0.36368095,-8.615775499999998,3.2726381
0.941179328313259,0.36368095,-8.615775499999998,3.2726381
1.0244770478820486,0.36368095,-9.096301350000001,4.2336898
0.9796416309606316,-0.11684489999999981,-8.615775499999998,4.2336898
1.1150668357664677,0.8442067999999998,-9.5768272,5.1947415
1.0244770478820486,0.36368095,-9.096301350000001,4.2336898
1.1240673550566826,0.8442067999999998,-9.096301350000001,6.1557932
1.1240673550566826,0.8442067999999998,-9.096301350000001,6.1557932
1.0047844816841682,0.36368095,-9.096301350000001,3.7531639500000002
1.0244770478820486,0.36368095,-9.096301350000001,4.2336898
1.0345078484963022,-0.5973707500000001,-9.5768272,3.2726381
1.0345078484963022,-0.5973707500000001,-9.5768272,3.2726381
1.0892736516276165,-0.11684489999999981,-9.5768272,4.71421565
1.0455085318267765,-0.11684489999999981,-9.096301350000001,4.71421565
1.1134042370306827,-0.5973707500000001,-9.5768272,5.1947415
1.0455085318267765,-0.11684489999999981,-9.096301350000001,4.71421565
1.0455085318267765,-0.11684489999999981,-9.096301350000001,4.71421565
1.0284063001721842,-0.5973707500000001,-8.615775499999998,5.1947415
1.0745333953503218,-1.0778966,-9.096301350000001,5.1947415
1.117162036470391,-1.0778966,-9.5768272,5.1947415
1.094747738204846,-1.0778966,-9.5768272,4.71421565
1.051210546131005,-1.0778966,-9.096301350000001,4.71421565
1.1230501126996029,-1.55842245,-9.5768272,5.1947415
1.1230501126996029,-1.55842245,-9.5768272,5.1947415
0.9923929600665203,-1.55842245,-8.615775499999998,4.2336898
1.0146988092062146,-1.55842245,-8.615775499999998,4.71421565
1.0101051227859068,-1.0778966,-9.096301350000001,3.7531639500000002
0.9923929600665203,-1.55842245,-8.615775499999998,4.2336898
0.9923929600665203,-1.55842245,-8.615775499999998,4.2336898
1.0302595404147528,-1.55842245,-9.5768272,2.7921122500000006
0.9838728183093776,-1.55842245,-9.096301350000001,2.7921122500000006
0.9838728183093776,-1.55842245,-9.096301350000001,2.7921122500000006
1.0238379660433081,-1.0778966,-9.5768272,2.7921122500000006
1.0302595404147528,-1.55842245,-9.5768272,2.7921122500000006
1.0615704861147148,-1.55842245,-9.5768272,3.7531639500000002
1.124780325758026,-1.55842245,-10.05735305,4.2336898
1.0741055460659845,-1.0778966,-9.5768272,4.2336898
0.9720506263491606,-1.55842245,-8.615775499999998,3.7531639500000002
1.0956636688672017,-2.51947415,-10.05735305,2.7921122500000006
0.9991746850223847,-1.55842245,-9.096301350000001,3.2726381
0.9925520194355871,-1.0778966,-9.096301350000001,3.2726381
0.9925520194355871,-1.0778966,-9.096301350000001,3.2726381
0.9377554285695078,-1.55842245,-8.615775499999998,2.7921122500000006
1.0513607070806468,-0.5973707500000001,-9.5768272,3.7531639500000002
1.1604327886807781,-0.5973707500000001,-10.537878899999999,4.2336898
1.1604327886807781,-0.5973707500000001,-10.537878899999999,4.2336898
1.094747738204846,-1.0778966,-9.5768272,4.71421565
1.1566790878444122,-0.5973707500000001,-10.05735305,5.1947415
1.004012506300492,-0.5973707500000001,-8.615775499999998,4.71421565
1.03247350519354,-1.0778966,-8.615775499999998,5.1947415
1.03247350519354,-1.0778966,-8.615775499999998,5.1947415
1.0081781258788498,-1.0778966,-8.615775499999998,4.71421565
1.0472161150422827,-0.5973707500000001,-9.096301350000001,4.71421565
1.0706259837264815,-0.5973707500000001,-9.096301350000001,5.1947415
1.0957312269290613,-0.5973707500000001,-9.096301350000001,5.67526735
1.0957312269290613,-0.5973707500000001,-9.096301350000001,5.67526735
1.0266674324006633,-0.11684489999999981,-8.615775499999998,5.1947415
1.0745333953503218,-1.0778966,-9.096301350000001,5.1947415
1.0284063001721842,-0.5973707500000001,-8.615775499999998,5.1947415
1.0022313162768992,-0.11684489999999981,-8.615775499999998,4.71421565
1.0472161150422827,-0.5973707500000001,-9.096301350000001,4.71421565
1.0472161150422827,-0.5973707500000001,-9.096301350000001,4.71421565
0.9657179577471157,-1.0778966,-8.135249649999999,4.71421565
0.9162411800414513,-0.5973707500000001,-8.135249649999999,3.7531639500000002
0.9162411800414513,-0.5973707500000001,-8.135249649999999,3.7531639500000002
0.940522998291239,-0.11684489999999981,-8.615775499999998,3.2726381
0.940522998291239,-0.11684489999999981,-8.615775499999998,3.2726381
1.0041697251480288,-0.11684489999999981,-9.096301350000001,3.7531639500000002
1.005947482916249,-0.5973707500000001,-9.096301350000001,3.7531639500000002
0.9468574509867926,-1.0778966,-8.615775499999998,3.2726381
1.0296959386547693,-1.0778966,-9.096301350000001,4.2336898
1.0296959386547693,-1.0778966,-9.096301350000001,4.2336898
0.920803953454016,-1.0778966,-8.135249649999999,3.7531639500000002
1.0553394511179388,-1.0778966,-9.5768272,3.7531639500000002
1.0553394511179388,-1.0778966,-9.5768272,3.7531639500000002
0.9468574509867926,-1.0778966,-8.615775499999998,3.2726381
1.0360812062700713,-1.55842245,-9.096301350000001,4.2336898
1.0360812062700713,-1.55842245,-9.096301350000001,4.2336898
1.0360812062700713,-1.55842245,-9.096301350000001,4.2336898
1.2047775233386644,-0.5973707500000001,-10.05735305,6.1557932
1.2047775233386644,-0.5973707500000001,-10.05735305,6.1557932
1.0360812062700713,-1.55842245,-9.096301350000001,4.2336898
1.1089013523860412,-2.0389483,-9.5768272,4.71421565
1.1445089197674483,-1.55842245,-10.05735305,4.71421565
1.0885275940961125,-2.0389483,-9.5768272,4.2336898
1.0360812062700713,-1.55842245,-9.096301350000001,4.2336898
1.025427695206881,-2.0389483,-9.096301350000001,3.7531639500000002
1.025427695206881,-2.0389483,-9.096301350000001,3.7531639500000002
1.0806195141820483,-2.51947415,-9.5768272,3.7531639500000002
1.0553394511179388,-1.0778966,-9.5768272,3.7531639500000002
1.0553394511179388,-1.0778966,-9.5768272,3.7531639500000002
1.1134042370306827,-0.5973707500000001,-9.5768272,5.1947415
1.0296959386547693,-1.0778966,-9.096301350000001,4.2336898
1.051210546131005,-1.0778966,-9.096301350000001,4.71421565
1.051210546131005,-1.0778966,-9.096301350000001,4.71421565
1.0455085318267765,-0.11684489999999981,-9.096301350000001,4.71421565
1.0745333953503218,-1.0778966,-9.096301350000001,5.1947415
1.0745333953503218,-1.0778966,-9.096301350000001,5.1947415
1.0284063001721842,-0.5973707500000001,-8.615775499999998,5.1947415
1.0957312269290613,-0.5973707500000001,-9.096301350000001,5.67526735
0.945940864047169,-0.5973707500000001,-7.6547238,5.1947415
0.9742643598692681,-0.5973707500000001,-7.6547238,5.67526735
1.0957312269290613,-0.5973707500000001,-9.096301350000001,5.67526735
1.0139992521129786,-0.5973707500000001,-8.135249649999999,5.67526735
1.0139992521129786,-0.5973707500000001,-8.135249649999999,5.67526735
1.054517161013044,-0.5973707500000001,-8.615775499999998,5.67526735
1.054517161013044,-0.5973707500000001,-8.615775499999998,5.67526735
1.0266674324006633,-0.11684489999999981,-8.615775499999998,5.1947415
1.0695333156466338,0.36368095,-9.096301350000001,5.1947415
1.053407783870423,0.36368095,-8.615775499999998,5.67526735
1.1490225529089977,-0.11684489999999981,-9.096301350000001,6.63631905
1.1490225529089977,-0.11684489999999981,-9.096301350000001,6.63631905
1.068955796816981,-0.11684489999999981,-9.096301350000001,5.1947415
1.068955796816981,-0.11684489999999981,-9.096301350000001,5.1947415
1.0957312269290613,-0.5973707500000001,-9.096301350000001,5.67526735
1.053407783870423,0.36368095,-8.615775499999998,5.67526735
1.053407783870423,0.36368095,-8.615775499999998,5.67526735
1.0022313162768992,-0.11684489999999981,-8.615775499999998,4.71421565
1.0139992521129786,-0.5973707500000001,-8.135249649999999,5.67526735
1.0139992521129786,-0.5973707500000001,-8.135249649999999,5.67526735
1.0284063001721842,-0.5973707500000001,-8.615775499999998,5.1947415
1.068955796816981,-0.11684489999999981,-9.096301350000001,5.1947415
1.0957312269290613,-0.5973707500000001,-9.096301350000001,5.67526735
1.1542133031931208,-1.0778966,-9.096301350000001,6.63631905
1.1542133031931208,-1.0778966,-9.096301350000001,6.63631905
1.1469088606085152,-1.55842245,-8.135249649999999,7.59737075
1.1750059214026105,-1.0778966,-8.135249649999999,8.0778966
1.151343082076747,-1.55842245,-8.615775499999998,7.1168449
0.9177046135374599,-1.55842245,-7.174197949999999,5.1947415
0.9990973569458125,-0.5973707500000001,-7.174197949999999,6.63631905
1.0682710012397292,-0.5973707500000001,-7.6547238,7.1168449
1.0410650439104678,-0.11684489999999981,-8.135249649999999,6.1557932
1.0122356355137918,-0.11684489999999981,-8.135249649999999,5.67526735
0.9341614624871762,0.36368095,-7.174197949999999,5.67526735
1.0909127323538907,-0.5973707500000001,-9.5768272,4.71421565
1.1989074389646357,-0.11684489999999981,-10.537878899999999,5.1947415
1.2504192841030617,-0.11684489999999981,-11.498930599999998,4.2336898
1.1189013545922677,-1.0778966,-10.05735305,4.2336898
1.1135460112334594,-0.11684489999999981,-10.05735305,4.2336898
1.1135460112334594,-0.11684489999999981,-10.05735305,4.2336898
1.0615704861147148,-1.55842245,-9.5768272,3.7531639500000002
1.165967011906124,-1.55842245,-10.05735305,5.1947415
1.165967011906124,-1.55842245,-10.05735305,5.1947415
1.133470160766867,-0.11684489999999981,-10.05735305,4.71421565
1.1136420167087917,-2.0389483,-9.096301350000001,5.67526735
1.126145810367625,-1.0778966,-9.096301350000001,6.1557932
1.126145810367625,-1.0778966,-9.096301350000001,6.1557932
1.1599133110590178,-1.55842245,-9.096301350000001,6.63631905
1.115162710312499,-1.0778966,-8.615775499999998,6.63631905
1.0083493975069175,-1.0778966,-7.6547238,6.1557932
1.1046295181932893,-0.5973707500000001,-8.135249649999999,7.1168449
1.1097893260871878,-0.11684489999999981,-8.615775499999998,6.63631905
1.1785861484694513,-0.11684489999999981,-9.096301350000001,7.1168449
1.1622877783798322,0.36368095,-9.5768272,6.1557932
1.0427799034954472,-0.5973707500000001,-8.135249649999999,6.1557932
1.0416580261207418,0.36368095,-8.135249649999999,6.1557932
1.1622877783798322,0.36368095,-9.5768272,6.1557932
1.1622877783798322,0.36368095,-9.5768272,6.1557932
1.097420600706872,0.8442067999999998,-9.096301350000001,5.67526735
0.9886923747237439,0.8442067999999998,-8.135249649999999,5.1947415
0.9886923747237439,0.8442067999999998,-8.135249649999999,5.1947415
0.9850045975358898,-0.11684489999999981,-8.135249649999999,5.1947415
1.1622877783798322,0.36368095,-9.5768272,6.1557932
1.0747552946516523,0.8442067999999998,-8.135249649999999,6.63631905
1.0811398628147473,0.36368095,-8.615775499999998,6.1557932
1.0730302373155167,-0.5973707500000001,-8.135249649999999,6.63631905
1.082220812366545,-0.5973707500000001,-8.615775499999998,6.1557932
1.082220812366545,-0.5973707500000001,-8.615775499999998,6.1557932
0.9708622900749021,-1.0778966,-7.174197949999999,6.1557932
1.0355628661839844,-0.5973707500000001,-7.6547238,6.63631905
1.0355628661839844,-0.5973707500000001,-7.6547238,6.63631905
1.1119336734572423,-1.55842245,-7.6547238,7.59737075
1.1119336734572423,-1.55842245,-7.6547238,7.59737075
1.0830357569305402,-1.55842245,-8.135249649999999,6.63631905
1.0721869952496759,-1.0778966,-7.6547238,7.1168449
1.0530728786416867,-1.55842245,-8.135249649999999,6.1557932
1.1143513508138503,-1.55842245,-8.135249649999999,7.1168449
1.0921421369565496,-1.55842245,-8.615775499999998,6.1557932
1.0921421369565496,-1.55842245,-8.615775499999998,6.1557932
1.1319871581040462,-1.55842245,-9.096301350000001,6.1557932
1.0995494269746406,-1.0778966,-9.096301350000001,5.67526735
1.0995494269746406,-1.0778966,-9.096301350000001,5.67526735
1.073116052709477,-2.0389483,-8.615775499999998,5.67526735
1.1548279263105845,-2.0389483,-9.5768272,5.67526735
1.088949776960377,-2.0389483,-9.096301350000001,5.1947415
1.088949776960377,-2.0389483,-9.096301350000001,5.1947415
1.0993721822332165,-2.51947415,-9.096301350000001,5.1947415
1.073116052709477,-2.0389483,-8.615775499999998,5.67526735
1.1136420167087917,-2.0389483,-9.096301350000001,5.67526735
1.1089013523860412,-2.0389483,-9.5768272,4.71421565
1.0659424052527464,-2.0389483,-9.096301350000001,4.71421565
1.0885275940961125,-2.0389483,-9.5768272,4.2336898
1.0885275940961125,-2.0389483,-9.5768272,4.2336898
1.100755717772361,-1.55842245,-9.5768272,4.71421565
1.0360812062700713,-1.55842245,-9.096301350000001,4.2336898
1.088949776960377,-2.0389483,-9.096301350000001,5.1947415
1.0995494269746406,-1.0778966,-9.096301350000001,5.67526735
1.0745333953503218,-1.0778966,-9.096301350000001,5.1947415
1.0921421369565496,-1.55842245,-8.615775499999998,6.1557932
1.1210612875197494,-1.55842245,-8.615775499999998,6.63631905
1.1210612875197494,-1.55842245,-8.615775499999998,6.63631905
1.1113981508796587,-0.5973707500000001,-8.615775499999998,6.63631905
1.0860865100958113,-1.0778966,-8.615775499999998,6.1557932
1.1113981508796587,-0.5973707500000001,-8.615775499999998,6.63631905
1.115162710312499,-1.0778966,-8.615775499999998,6.63631905
1.115162710312499,-1.0778966,-8.615775499999998,6.63631905
1.0830357569305402,-1.55842245,-8.135249649999999,6.63631905
1.141143897428542,-1.0778966,-8.135249649999999,7.59737075
1.0730302373155167,-0.5973707500000001,-8.135249649999999,6.63631905
1.1750059214026105,-1.0778966,-8.135249649999999,8.0778966
1.1750059214026105,-1.0778966,-8.135249649999999,8.0778966
1.039602073156832,-1.0778966,-7.6547238,6.63631905
1.0041844884082651,-0.5973707500000001,-7.6547238,6.1557932
1.1113981508796587,-0.5973707500000001,-8.615775499999998,6.63631905
1.082220812366545,-0.5973707500000001,-8.615775499999998,6.1557932
1.0584840402971623,-1.0778966,-8.615775499999998,5.67526735
1.03247350519354,-1.0778966,-8.615775499999998,5.1947415
1.0181240120822583,-1.0778966,-8.135249649999999,5.67526735
1.0083493975069175,-1.0778966,-7.6547238,6.1557932
1.0245813993443342,-1.55842245,-8.135249649999999,5.67526735
0.9468731078371107,-1.55842245,-7.174197949999999,5.67526735
0.9785566225846459,-1.0778966,-7.6547238,5.67526735
1.0148689803893325,-1.55842245,-7.6547238,6.1557932
1.04679126277724,-1.0778966,-8.135249649999999,6.1557932
1.0181240120822583,-1.0778966,-8.135249649999999,5.67526735
1.0584840402971623,-1.0778966,-8.615775499999998,5.67526735
1.0995494269746406,-1.0778966,-9.096301350000001,5.67526735
1.0860865100958113,-1.0778966,-8.615775499999998,6.1557932
1.0769289256428154,-1.0778966,-8.135249649999999,6.63631905
1.1084170664315545,-1.0778966,-8.135249649999999,7.1168449
0.9990973569458125,-0.5973707500000001,-7.174197949999999,6.63631905
1.0682710012397292,-0.5973707500000001,-7.6547238,7.1168449
1.1408924028833711,-1.0778966,-7.6547238,8.0778966
1.1374653286784648,-0.5973707500000001,-8.135249649999999,7.59737075
1.1046295181932893,-0.5973707500000001,-8.135249649999999,7.1168449
1.1722055417243464,-0.11684489999999981,-8.615775499999998,7.59737075
1.1495598482997593,0.36368095,-9.096301350000001,6.63631905
1.1791099724340857,0.36368095,-9.096301350000001,7.1168449
1.1030108208817668,-0.11684489999999981,-8.135249649999999,7.1168449
1.103870004466001,0.8442067999999998,-7.6547238,7.59737075
1.1035705182323983,0.36368095,-8.135249649999999,7.1168449
1.1046295181932893,-0.5973707500000001,-8.135249649999999,7.1168449
1.1046295181932893,-0.5973707500000001,-8.135249649999999,7.1168449
0.9280256796894489,-0.11684489999999981,-6.6936721,6.1557932
1.071363798488508,-0.11684489999999981,-8.135249649999999,6.63631905
1.071363798488508,-0.11684489999999981,-8.135249649999999,6.63631905
1.1791099724340857,0.36368095,-9.096301350000001,7.1168449
1.071363798488508,-0.11684489999999981,-8.135249649999999,6.63631905
1.071363798488508,-0.11684489999999981,-8.135249649999999,6.63631905
1.0024036039829962,-0.11684489999999981,-7.6547238,6.1557932
1.0041844884082651,-0.5973707500000001,-7.6547238,6.1557932
0.935412273678507,-0.5973707500000001,-7.174197949999999,5.67526735
1.0427799034954472,-0.5973707500000001,-8.135249649999999,6.1557932
1.0139992521129786,-0.5973707500000001,-8.135249649999999,5.67526735
1.0139992521129786,-0.5973707500000001,-8.135249649999999,5.67526735
1.082220812366545,-0.5973707500000001,-8.615775499999998,6.1557932
1.082220812366545,-0.5973707500000001,-8.615775499999998,6.1557932
1.082220812366545,-0.5973707500000001,-8.615775499999998,6.1557932
1.0995494269746406,-1.0778966,-9.096301350000001,5.67526735
1.0995494269746406,-1.0778966,-9.096301350000001,5.67526735
1.0388417005639283,-1.55842245,-8.615775499999998,5.1947415
1.04679126277724,-1.0778966,-8.135249649999999,6.1557932
1.04679126277724,-1.0778966,-8.135249649999999,6.1557932
1.0646966720468907,-1.55842245,-8.615775499999998,5.67526735
1.0245813993443342,-1.55842245,-8.135249649999999,5.67526735
1.0181240120822583,-1.0778966,-8.135249649999999,5.67526735
1.0584840402971623,-1.0778966,-8.615775499999998,5.67526735
1.1319871581040462,-1.55842245,-9.096301350000001,6.1557932
1.1835013551266198,-1.0778966,-10.05735305,5.67526735
1.1835013551266198,-1.0778966,-10.05735305,5.67526735
1.1136420167087917,-2.0389483,-9.096301350000001,5.67526735
1.0245813993443342,-1.55842245,-8.135249649999999,5.67526735
1.0245813993443342,-1.55842245,-8.135249649999999,5.67526735
1.0615844511133974,-2.0389483,-8.135249649999999,6.1557932
1.062726309528743,-2.51947415,-7.174197949999999,7.1168449
1.101713705202637,-2.51947415,-8.135249649999999,6.63631905
1.101713705202637,-2.51947415,-8.135249649999999,6.63631905
1.1290604365978303,-2.0389483,-8.615775499999998,6.63631905
1.1136420167087917,-2.0389483,-9.096301350000001,5.67526735
1.1003515376601531,-2.0389483,-8.615775499999998,6.1557932
1.1319871581040462,-1.55842245,-9.096301350000001,6.1557932
1.126145810367625,-1.0778966,-9.096301350000001,6.1557932
1.1055313122043084,-1.55842245,-9.096301350000001,5.67526735
1.1055313122043084,-1.55842245,-9.096301350000001,5.67526735
1.1836472580707984,-1.0778966,-9.096301350000001,7.1168449
1.126145810367625,-1.0778966,-9.096301350000001,6.1557932
1.126145810367625,-1.0778966,-9.096301350000001,6.1557932
1.126145810367625,-1.0778966,-9.096301350000001,6.1557932
1.163293326518871,-0.5973707500000001,-9.5768272,6.1557932
1.120825081818787,-0.11684489999999981,-9.096301350000001,6.1557932
1.0584840402971623,-1.0778966,-8.615775499999998,5.67526735
1.1224180885551338,-0.5973707500000001,-9.096301350000001,6.1557932
1.1224180885551338,-0.5973707500000001,-9.096301350000001,6.1557932
1.1419362206573838,-0.5973707500000001,-8.615775499999998,7.1168449
1.0769289256428154,-1.0778966,-8.135249649999999,6.63631905
1.1505765200868563,-0.5973707500000001,-9.096301350000001,6.63631905
1.0921421369565496,-1.55842245,-8.615775499999998,6.1557932
1.0860865100958113,-1.0778966,-8.615775499999998,6.1557932
1.0805685472183775,-0.11684489999999981,-8.615775499999998,6.1557932
1.0245813993443342,-1.55842245,-8.135249649999999,5.67526735
1.0860865100958113,-1.0778966,-8.615775499999998,6.1557932
1.0530728786416867,-1.55842245,-8.135249649999999,6.1557932
1.0860865100958113,-1.0778966,-8.615775499999998,6.1557932
1.0921421369565496,-1.55842245,-8.615775499999998,6.1557932
1.0995494269746406,-1.0778966,-9.096301350000001,5.67526735
1.0245813993443342,-1.55842245,-8.135249649999999,5.67526735
0.9976873855297681,-1.55842245,-8.135249649999999,5.1947415
1.04679126277724,-1.0778966,-8.135249649999999,6.1557932
0.9943654572757611,-2.0389483,-7.6547238,5.67526735
1.2344532654152038,-1.0778966,-10.05735305,6.63631905
1.1030108208817668,-0.11684489999999981,-8.135249649999999,7.1168449
1.04679126277724,-1.0778966,-8.135249649999999,6.1557932
1.0860865100958113,-1.0778966,-8.615775499999998,6.1557932
0.9943654572757611,-2.0389483,-7.6547238,5.67526735
1.0236982497159641,-2.0389483,-7.6547238,6.1557932
0.9976873855297681,-1.55842245,-8.135249649999999,5.1947415
1.045926866667026,-1.55842245,-7.6547238,6.63631905
1.0830357569305402,-1.55842245,-8.135249649999999,6.63631905
1.151343082076747,-1.55842245,-8.615775499999998,7.1168449
1.04679126277724,-1.0778966,-8.135249649999999,6.1557932
1.045926866667026,-1.55842245,-7.6547238,6.63631905
1.0181240120822583,-1.0778966,-8.135249649999999,5.67526735
1.0615844511133974,-2.0389483,-8.135249649999999,6.1557932
1.0646966720468907,-1.55842245,-8.615775499999998,5.67526735
1.080653763990581,-1.55842245,-9.096301350000001,5.1947415
1.0921421369565496,-1.55842245,-8.615775499999998,6.1557932
1.0921421369565496,-1.55842245,-8.615775499999998,6.1557932
1.080653763990581,-1.55842245,-9.096301350000001,5.1947415
1.0646966720468907,-1.55842245,-8.615775499999998,5.67526735
1.0646966720468907,-1.55842245,-8.615775499999998,5.67526735
1.1599133110590178,-1.55842245,-9.096301350000001,6.63631905
1.1319871581040462,-1.55842245,-9.096301350000001,6.1557932
1.1892061938294969,-1.55842245,-9.096301350000001,7.1168449
1.2876048802150757,-0.5973707500000001,-10.05735305,7.59737075
1.1456004332846872,-1.0778966,-8.615775499999998,7.1168449
1.1599133110590178,-1.55842245,-9.096301350000001,6.63631905
1.1469088606085152,-1.55842245,-8.135249649999999,7.59737075
1.1456004332846872,-1.0778966,-8.615775499999998,7.1168449
1.206676781173705,-0.5973707500000001,-8.615775499999998,8.0778966
1.1359940220764264,-0.11684489999999981,-9.5768272,5.67526735
1.1750059214026105,-1.0778966,-8.135249649999999,8.0778966
1.210144980949195,-1.0778966,-8.615775499999998,8.0778966
1.210144980949195,-1.0778966,-8.615775499999998,8.0778966
1.1143513508138503,-1.55842245,-8.135249649999999,7.1168449
1.1408924028833711,-1.0778966,-7.6547238,8.0778966
1.0780545315544279,-1.55842245,-7.174197949999999,7.59737075
1.0355628661839844,-0.5973707500000001,-7.6547238,6.63631905
1.1046295181932893,-0.5973707500000001,-8.135249649999999,7.1168449
1.039602073156832,-1.0778966,-7.6547238,6.63631905
1.0024036039829962,-0.11684489999999981,-7.6547238,6.1557932
1.0024036039829962,-0.11684489999999981,-7.6547238,6.1557932
1.0730302373155167,-0.5973707500000001,-8.135249649999999,6.63631905
1.0719400199830118,0.36368095,-8.135249649999999,6.63631905
1.0719400199830118,0.36368095,-8.135249649999999,6.63631905
1.1097893260871878,-0.11684489999999981,-8.615775499999998,6.63631905
1.0041844884082651,-0.5973707500000001,-7.6547238,6.1557932
1.0721869952496759,-1.0778966,-7.6547238,7.1168449
1.03383603551894,-0.11684489999999981,-7.6547238,6.63631905
1.039602073156832,-1.0778966,-7.6547238,6.63631905
1.0427799034954472,-0.5973707500000001,-8.135249649999999,6.1557932
1.0427799034954472,-0.5973707500000001,-8.135249649999999,6.1557932
1.0041844884082651,-0.5973707500000001,-7.6547238,6.1557932
0.9724286819246977,-0.11684489999999981,-7.6547238,5.67526735
0.9646854741909505,-0.11684489999999981,-7.174197949999999,6.1557932
0.9646854741909505,-0.11684489999999981,-7.174197949999999,6.1557932
0.902214908150621,-1.0778966,-6.6936721,5.67526735
0.9280256796894489,-0.11684489999999981,-6.6936721,6.1557932
0.9280256796894489,-0.11684489999999981,-6.6936721,6.1557932
0.9973073885088983,-0.11684489999999981,-7.174197949999999,6.63631905
0.8955647482537314,-0.11684489999999981,-6.6936721,5.67526735
1.0344331617204539,0.36368095,-7.6547238,6.63631905
1.011406741177772,1.3247326499999996,-7.6547238,6.1557932
0.9653253761527636,0.36368095,-7.174197949999999,6.1557932
1.06717592192549,0.36368095,-7.6547238,7.1168449
1.049736651010169,1.3247326499999996,-8.135249649999999,6.1557932
1.103870004466001,0.8442067999999998,-7.6547238,7.59737075
1.1364369275034114,0.36368095,-8.135249649999999,7.59737075
1.1035705182323983,0.36368095,-8.135249649999999,7.1168449
1.1063053039971853,0.8442067999999998,-8.135249649999999,7.1168449
1.1928354855337875,1.8052584999999999,-9.096301350000001,7.1168449
1.2233059703239806,1.8052584999999999,-9.096301350000001,7.59737075
1.117927975819013,1.3247326499999996,-8.615775499999998,6.63631905
1.1862528904857497,1.3247326499999996,-9.096301350000001,7.1168449
1.3105605850950737,1.8052584999999999,-10.537878899999999,7.1168449
1.3543083096143453,1.3247326499999996,-10.05735305,8.55842245
1.346516982156222,0.8442067999999998,-9.5768272,9.0389483
1.3442709720493555,0.36368095,-9.5768272,9.0389483
1.2414168645296064,-0.11684489999999981,-9.096301350000001,8.0778966
1.2392471071767661,-0.11684489999999981,-8.615775499999998,8.55842245
1.3090589934326637,0.36368095,-9.096301350000001,9.0389483
1.2392471071767661,-0.11684489999999981,-8.615775499999998,8.55842245
1.313415937211078,0.8442067999999998,-9.5768272,8.55842245
1.2813365616480845,0.8442067999999998,-9.5768272,8.0778966
1.2789760933166634,0.36368095,-9.5768272,8.0778966
1.2813365616480845,0.8442067999999998,-9.5768272,8.0778966
1.2813365616480845,0.8442067999999998,-9.5768272,8.0778966
1.212421075994541,0.8442067999999998,-9.096301350000001,7.59737075
1.3168221990871898,2.28578435,-7.174197949999999,10.48052585
1.117927975819013,1.3247326499999996,-8.615775499999998,6.63631905
1.1636339687711432,1.8052584999999999,-9.096301350000001,6.63631905
0.989650810950194,1.8052584999999999,-7.6547238,5.67526735
0.989650810950194,1.8052584999999999,-7.6547238,5.67526735
1.1094343632547026,1.8052584999999999,-9.096301350000001,5.67526735
1.1094343632547026,1.8052584999999999,-9.096301350000001,5.67526735
1.0386920922788123,2.28578435,-8.135249649999999,5.67526735
1.0386920922788123,2.28578435,-8.135249649999999,5.67526735
1.1167659915045953,2.7663102000000004,-8.615775499999998,6.1557932
1.1078620325903996,2.7663102000000004,-8.135249649999999,6.63631905
1.138494956302344,2.7663102000000004,-8.135249649999999,7.1168449
1.0495047856771635,1.8052584999999999,-6.6936721,7.59737075
1.1168050224402988,3.2468360499999998,-7.6547238,7.1168449
1.1492930260075302,3.2468360499999998,-7.6547238,7.59737075
1.1165480457492483,3.2468360499999998,-7.174197949999999,7.59737075
1.1516322757382589,3.2468360499999998,-8.135249649999999,7.1168449
1.1032530648730015,2.7663102000000004,-7.6547238,7.1168449
1.0710774965044803,2.7663102000000004,-6.6936721,7.59737075
0.9987903400927989,2.28578435,-5.732620400000001,7.59737075
1.028275987754452,2.28578435,-6.21314625,7.59737075
1.028275987754452,2.28578435,-6.21314625,7.59737075
1.028275987754452,2.28578435,-6.21314625,7.59737075
1.1177102566425785,1.8052584999999999,-7.174197949999999,8.0778966
1.2124570276436166,1.3247326499999996,-8.135249649999999,8.55842245
1.589576082050096,0.8442067999999998,-10.537878899999999,11.44157755
1.3854651561484042,2.28578435,-11.018404749999998,7.59737075
1.2082110359585776,0.8442067999999998,-8.615775499999998,8.0778966
1.2057074149525329,0.36368095,-8.615775499999998,8.0778966
1.212421075994541,0.8442067999999998,-9.096301350000001,7.59737075
1.212421075994541,0.8442067999999998,-9.096301350000001,7.59737075
1.278493187133236,-0.11684489999999981,-9.5768272,8.0778966
1.278493187133236,-0.11684489999999981,-9.5768272,8.0778966
1.1772940814527748,-1.0778966,-8.615775499999998,7.59737075
1.141143897428542,-1.0778966,-8.135249649999999,7.59737075
1.141143897428542,-1.0778966,-8.135249649999999,7.59737075
1.0433506464862938,-1.55842245,-7.174197949999999,7.1168449
1.0719193221045684,-1.0778966,-7.174197949999999,7.59737075
1.0095514695008927,-1.55842245,-6.6936721,7.1168449
0.9094956186772717,-1.55842245,-6.6936721,5.67526735
0.9414763535221942,-1.55842245,-6.6936721,6.1557932
1.0033268299589804,-0.5973707500000001,-6.21314625,7.59737075
1.0329607983494111,-0.5973707500000001,-7.174197949999999,7.1168449
0.9286908419342355,0.36368095,-6.6936721,6.1557932
0.9286908419342355,0.36368095,-6.6936721,6.1557932
1.2049570253999322,-0.11684489999999981,-8.135249649999999,8.55842245
1.2049570253999322,-0.11684489999999981,-8.135249649999999,8.55842245
1.241451976479619,0.36368095,-8.135249649999999,9.0389483
1.2051951513103858,-0.11684489999999981,-8.615775499999998,8.0778966
1.172242726748988,0.36368095,-7.6547238,8.55842245
1.2747607499019111,0.36368095,-8.615775499999998,9.0389483
1.315496499949439,1.3247326499999996,-9.096301350000001,9.0389483
1.281370579724214,1.3247326499999996,-8.615775499999998,9.0389483
1.2079735045648512,0.8442067999999998,-8.135249649999999,8.55842245
0.9659418855365304,-0.5973707500000001,-6.21314625,7.1168449
1.1860477135726957,1.8052584999999999,-7.6547238,8.55842245
1.2092144431534664,0.36368095,-7.6547238,9.0389483
1.1794272353596844,1.3247326499999996,-7.6547238,8.55842245
1.1388408613377743,0.8442067999999998,-7.6547238,8.0778966
1.1057864107907474,0.8442067999999998,-7.174197949999999,8.0778966
1.1748176655789966,0.8442067999999998,-7.6547238,8.55842245
1.109311357239647,0.36368095,-6.6936721,8.55842245
1.1401570458725512,0.36368095,-7.174197949999999,8.55842245
1.1401570458725512,0.36368095,-7.174197949999999,8.55842245
1.2482381996227476,1.3247326499999996,-8.135249649999999,9.0389483
1.247018302935894,0.36368095,-7.6547238,9.51947415
1.2082110359585776,0.8442067999999998,-8.615775499999998,8.0778966
1.315496499949439,1.3247326499999996,-9.096301350000001,9.0389483
1.274985838812296,0.36368095,-9.096301350000001,8.55842245
1.2051951513103858,-0.11684489999999981,-8.615775499999998,8.0778966
1.2051951513103858,-0.11684489999999981,-8.615775499999998,8.0778966
1.1727322157162412,0.36368095,-8.615775499999998,7.59737075
1.2054693902335754,0.36368095,-8.135249649999999,8.55842245
1.1358934247824215,-0.11684489999999981,-8.135249649999999,7.59737075
1.2051951513103858,-0.11684489999999981,-8.615775499999998,8.0778966
1.2051951513103858,-0.11684489999999981,-8.615775499999998,8.0778966
1.2428553145962684,-0.5973707500000001,-9.096301350000001,8.0778966
1.20941568984602,-0.11684489999999981,-9.096301350000001,7.59737075
1.20941568984602,-0.11684489999999981,-9.096301350000001,7.59737075
1.2474435092834084,-0.11684489999999981,-9.5768272,7.59737075
1.2474435092834084,-0.11684489999999981,-9.5768272,7.59737075
1.217577228504063,-0.11684489999999981,-9.5768272,7.1168449
1.1097893260871878,-0.11684489999999981,-8.615775499999998,6.63631905
1.1097893260871878,-0.11684489999999981,-8.615775499999998,6.63631905
1.0312296104384238,-0.11684489999999981,-7.174197949999999,7.1168449
1.04679126277724,-1.0778966,-8.135249649999999,6.1557932
1.04679126277724,-1.0778966,-8.135249649999999,6.1557932
1.0805685472183775,-0.11684489999999981,-8.615775499999998,6.1557932
1.0805685472183775,-0.11684489999999981,-8.615775499999998,6.1557932
1.0416580261207418,0.36368095,-8.135249649999999,6.1557932
1.1130637461381492,0.8442067999999998,-8.615775499999998,6.63631905
1.1063053039971853,0.8442067999999998,-8.135249649999999,7.1168449
1.1111991188819446,1.3247326499999996,-8.135249649999999,7.1168449
1.0344331617204539,0.36368095,-7.6547238,6.63631905
1.0665971266640764,-0.11684489999999981,-7.6547238,7.1168449
0.9990973569458125,-0.5973707500000001,-7.174197949999999,6.63631905
0.9973073885088983,-0.11684489999999981,-7.174197949999999,6.63631905
1.0665971266640764,-0.11684489999999981,-7.6547238,7.1168449
1.0719400199830118,0.36368095,-8.135249649999999,6.63631905
1.066328050332848,-0.11684489999999981,-7.174197949999999,7.59737075
1.136184391070386,0.36368095,-7.6547238,8.0778966
1.0405555077246564,0.36368095,-6.21314625,8.0778966
1.0021607874803935,0.36368095,-6.21314625,7.59737075
1.033280750316533,-0.11684489999999981,-6.6936721,7.59737075
1.06717592192549,0.36368095,-7.6547238,7.1168449
1.06717592192549,0.36368095,-7.6547238,7.1168449
1.0312296104384238,-0.11684489999999981,-7.174197949999999,7.1168449
1.1011291703606751,0.36368095,-7.6547238,7.59737075
1.1011291703606751,0.36368095,-7.6547238,7.59737075
1.1704351374109496,0.36368095,-8.135249649999999,8.0778966
1.1704351374109496,0.36368095,-8.135249649999999,8.0778966
1.13564076748879,-0.11684489999999981,-7.6547238,8.0778966
1.0312296104384238,-0.11684489999999981,-7.174197949999999,7.1168449
1.1059864168533886,-1.0778966,-7.6547238,7.59737075
1.0682710012397292,-0.5973707500000001,-7.6547238,7.1168449
1.1021905160050158,-0.5973707500000001,-7.6547238,7.59737075
1.2392471071767661,-0.11684489999999981,-8.615775499999998,8.55842245
1.1737288160094472,-0.5973707500000001,-8.615775499999998,7.59737075
1.1737288160094472,-0.5973707500000001,-8.615775499999998,7.59737075
1.2108921555313645,-0.5973707500000001,-9.096301350000001,7.59737075
1.1699074293108551,-0.11684489999999981,-8.135249649999999,8.0778966
1.2440614594225026,-1.0778966,-8.615775499999998,8.55842245
1.2440614594225026,-1.0778966,-8.615775499999998,8.55842245
1.2440614594225026,-1.0778966,-8.615775499999998,8.55842245
1.1772940814527748,-1.0778966,-8.615775499999998,7.59737075
1.0721869952496759,-1.0778966,-7.6547238,7.1168449
1.1737288160094472,-0.5973707500000001,-8.615775499999998,7.59737075
1.1750059214026105,-1.0778966,-8.135249649999999,8.0778966
1.1021905160050158,-0.5973707500000001,-7.6547238,7.59737075
1.1119336734572423,-1.55842245,-7.6547238,7.59737075
1.1030108208817668,-0.11684489999999981,-8.135249649999999,7.1168449
1.2565343265662945,-2.0389483,-8.615775499999998,8.55842245
1.0355628661839844,-0.5973707500000001,-7.6547238,6.63631905
1.140370479523036,-0.11684489999999981,-8.615775499999998,7.1168449
1.2108921555313645,-0.5973707500000001,-9.096301350000001,7.59737075
1.1722055417243464,-0.11684489999999981,-8.615775499999998,7.59737075
1.1035705182323983,0.36368095,-8.135249649999999,7.1168449
1.1005682314557936,-0.11684489999999981,-7.6547238,7.59737075
1.1358934247824215,-0.11684489999999981,-8.135249649999999,7.59737075
1.2082110359585776,0.8442067999999998,-8.615775499999998,8.0778966
1.1727322157162412,0.36368095,-8.615775499999998,7.59737075
1.1727322157162412,0.36368095,-8.615775499999998,7.59737075
1.1714336919511932,-0.5973707500000001,-8.135249649999999,8.0778966
1.1046295181932893,-0.5973707500000001,-8.135249649999999,7.1168449
1.1005682314557936,-0.11684489999999981,-7.6547238,7.59737075
1.13564076748879,-0.11684489999999981,-7.6547238,8.0778966
1.2049570253999322,-0.11684489999999981,-8.135249649999999,8.55842245
1.136184391070386,0.36368095,-7.6547238,8.0778966
1.1021905160050158,-0.5973707500000001,-7.6547238,7.59737075
1.1021905160050158,-0.5973707500000001,-7.6547238,7.59737075
1.0024036039829962,-0.11684489999999981,-7.6547238,6.1557932
1.0329607983494111,-0.5973707500000001,-7.174197949999999,7.1168449
1.0024036039829962,-0.11684489999999981,-7.6547238,6.1557932
1.1030108208817668,-0.11684489999999981,-8.135249649999999,7.1168449
1.1030108208817668,-0.11684489999999981,-8.135249649999999,7.1168449
1.1046295181932893,-0.5973707500000001,-8.135249649999999,7.1168449
1.1046295181932893,-0.5973707500000001,-8.135249649999999,7.1168449
1.0721869952496759,-1.0778966,-7.6547238,7.1168449
1.0730302373155167,-0.5973707500000001,-8.135249649999999,6.63631905
0.9712475805396698,-0.11684489999999981,-5.732620400000001,7.59737075
1.0665971266640764,-0.11684489999999981,-7.6547238,7.1168449
1.1021905160050158,-0.5973707500000001,-7.6547238,7.59737075
1.140370479523036,-0.11684489999999981,-8.615775499999998,7.1168449
1.1358934247824215,-0.11684489999999981,-8.135249649999999,7.59737075
1.1727322157162412,0.36368095,-8.615775499999998,7.59737075
1.1005682314557936,-0.11684489999999981,-7.6547238,7.59737075
1.1737288160094472,-0.5973707500000001,-8.615775499999998,7.59737075
1.1364369275034114,0.36368095,-8.135249649999999,7.59737075
1.140370479523036,-0.11684489999999981,-8.615775499999998,7.1168449
1.1005682314557936,-0.11684489999999981,-7.6547238,7.59737075
1.1030108208817668,-0.11684489999999981,-8.135249649999999,7.1168449
1.1005682314557936,-0.11684489999999981,-7.6547238,7.59737075
1.1005682314557936,-0.11684489999999981,-7.6547238,7.59737075
1.1021905160050158,-0.5973707500000001,-7.6547238,7.59737075
1.0665971266640764,-0.11684489999999981,-7.6547238,7.1168449
1.1011291703606751,0.36368095,-7.6547238,7.59737075
1.1390928088325263,0.8442067999999998,-8.135249649999999,7.59737075
1.1011291703606751,0.36368095,-7.6547238,7.59737075
1.1035705182323983,0.36368095,-8.135249649999999,7.1168449
1.1024903771096815,-0.11684489999999981,-7.174197949999999,8.0778966
1.06717592192549,0.36368095,-7.6547238,7.1168449
1.06717592192549,0.36368095,-7.6547238,7.1168449
1.1011291703606751,0.36368095,-7.6547238,7.59737075
1.1030108208817668,-0.11684489999999981,-8.135249649999999,7.1168449
1.1364369275034114,0.36368095,-8.135249649999999,7.59737075
1.13564076748879,-0.11684489999999981,-7.6547238,8.0778966
1.159133276099443,-2.0389483,-8.615775499999998,7.1168449
1.1358934247824215,-0.11684489999999981,-8.135249649999999,7.59737075
1.1046295181932893,-0.5973707500000001,-8.135249649999999,7.1168449
1.1046295181932893,-0.5973707500000001,-8.135249649999999,7.1168449
1.1021905160050158,-0.5973707500000001,-7.6547238,7.59737075
1.1021905160050158,-0.5973707500000001,-7.6547238,7.59737075
1.0427799034954472,-0.5973707500000001,-8.135249649999999,6.1557932
1.1030108208817668,-0.11684489999999981,-8.135249649999999,7.1168449
1.0669069915677318,0.36368095,-7.174197949999999,7.59737075
1.1785861484694513,-0.11684489999999981,-9.096301350000001,7.1168449
1.1372130206184758,-0.5973707500000001,-7.6547238,8.0778966
1.1011291703606751,0.36368095,-7.6547238,7.59737075
1.0665971266640764,-0.11684489999999981,-7.6547238,7.1168449
1.071363798488508,-0.11684489999999981,-8.135249649999999,6.63631905
1.1030108208817668,-0.11684489999999981,-8.135249649999999,7.1168449
1.070003731431858,0.8442067999999998,-7.6547238,7.1168449
1.070003731431858,0.8442067999999998,-7.6547238,7.1168449
1.06717592192549,0.36368095,-7.6547238,7.1168449
1.0338781972283548,0.36368095,-6.6936721,7.59737075
1.1358934247824215,-0.11684489999999981,-8.135249649999999,7.59737075
1.071363798488508,-0.11684489999999981,-8.135249649999999,6.63631905
1.1699074293108551,-0.11684489999999981,-8.135249649999999,8.0778966
1.1030108208817668,-0.11684489999999981,-8.135249649999999,7.1168449
1.1364369275034114,0.36368095,-8.135249649999999,7.59737075
1.1035705182323983,0.36368095,-8.135249649999999,7.1168449
1.0344331617204539,0.36368095,-7.6547238,6.63631905
1.1030108208817668,-0.11684489999999981,-8.135249649999999,7.1168449
1.2051951513103858,-0.11684489999999981,-8.615775499999998,8.0778966
1.2051951513103858,-0.11684489999999981,-8.615775499999998,8.0778966
1.0797921094050769,1.3247326499999996,-8.135249649999999,6.63631905
1.1374653286784648,-0.5973707500000001,-8.135249649999999,7.59737075
1.1374653286784648,-0.5973707500000001,-8.135249649999999,7.59737075
1.1428042816656765,0.8442067999999998,-7.174197949999999,8.55842245
1.140370479523036,-0.11684489999999981,-8.615775499999998,7.1168449
1.140370479523036,-0.11684489999999981,-8.615775499999998,7.1168449
1.1704351374109496,0.36368095,-8.135249649999999,8.0778966
1.03383603551894,-0.11684489999999981,-7.6547238,6.63631905
0.9973073885088983,-0.11684489999999981,-7.174197949999999,6.63631905
0.9973073885088983,-0.11684489999999981,-7.174197949999999,6.63631905
1.0680023466305317,-0.5973707500000001,-7.174197949999999,7.59737075
1.0682710012397292,-0.5973707500000001,-7.6547238,7.1168449
1.0682710012397292,-0.5973707500000001,-7.6547238,7.1168449
1.1364369275034114,0.36368095,-8.135249649999999,7.59737075
1.1030108208817668,-0.11684489999999981,-8.135249649999999,7.1168449
1.1714336919511932,-0.5973707500000001,-8.135249649999999,8.0778966
1.1005682314557936,-0.11684489999999981,-7.6547238,7.59737075
1.1005682314557936,-0.11684489999999981,-7.6547238,7.59737075
1.1419362206573838,-0.5973707500000001,-8.615775499999998,7.1168449
1.1358934247824215,-0.11684489999999981,-8.135249649999999,7.59737075
1.1364369275034114,0.36368095,-8.135249649999999,7.59737075
1.1030108208817668,-0.11684489999999981,-8.135249649999999,7.1168449
1.0682710012397292,-0.5973707500000001,-7.6547238,7.1168449
1.0682710012397292,-0.5973707500000001,-7.6547238,7.1168449
1.03383603551894,-0.11684489999999981,-7.6547238,6.63631905
1.1374653286784648,-0.5973707500000001,-8.135249649999999,7.59737075
1.1739935971149817,2.7663102000000004,-7.174197949999999,8.55842245
1.1739935971149817,2.7663102000000004,-7.174197949999999,8.55842245
1.1035705182323983,0.36368095,-8.135249649999999,7.1168449
1.0318282449974119,0.36368095,-7.174197949999999,7.1168449
1.0719400199830118,0.36368095,-8.135249649999999,6.63631905
1.0329607983494111,-0.5973707500000001,-7.174197949999999,7.1168449
1.1035705182323983,0.36368095,-8.135249649999999,7.1168449
1.1035705182323983,0.36368095,-8.135249649999999,7.1168449
1.1727322157162412,0.36368095,-8.615775499999998,7.59737075
1.1358934247824215,-0.11684489999999981,-8.135249649999999,7.59737075
1.0665971266640764,-0.11684489999999981,-7.6547238,7.1168449
1.0355628661839844,-0.5973707500000001,-7.6547238,6.63631905
1.0344331617204539,0.36368095,-7.6547238,6.63631905
1.0344331617204539,0.36368095,-7.6547238,6.63631905
1.0730302373155167,-0.5973707500000001,-8.135249649999999,6.63631905
1.1358934247824215,-0.11684489999999981,-8.135249649999999,7.59737075
1.140370479523036,-0.11684489999999981,-8.615775499999998,7.1168449
1.1409118494857762,0.36368095,-8.615775499999998,7.1168449
1.1030108208817668,-0.11684489999999981,-8.135249649999999,7.1168449
1.1030108208817668,-0.11684489999999981,-8.135249649999999,7.1168449
1.1364369275034114,0.36368095,-8.135249649999999,7.59737075
1.206676781173705,-0.5973707500000001,-8.615775499999998,8.0778966
1.071363798488508,-0.11684489999999981,-8.135249649999999,6.63631905
1.071363798488508,-0.11684489999999981,-8.135249649999999,6.63631905
1.03383603551894,-0.11684489999999981,-7.6547238,6.63631905
1.03383603551894,-0.11684489999999981,-7.6547238,6.63631905
1.03383603551894,-0.11684489999999981,-7.6547238,6.63631905
1.03383603551894,-0.11684489999999981,-7.6547238,6.63631905
1.0665971266640764,-0.11684489999999981,-7.6547238,7.1168449
1.110345606568743,0.36368095,-8.615775499999998,6.63631905
1.1097893260871878,-0.11684489999999981,-8.615775499999998,6.63631905
1.071363798488508,-0.11684489999999981,-8.135249649999999,6.63631905
1.071363798488508,-0.11684489999999981,-8.135249649999999,6.63631905
1.0769289256428154,-1.0778966,-8.135249649999999,6.63631905
1.1113981508796587,-0.5973707500000001,-8.615775499999998,6.63631905
1.1113981508796587,-0.5973707500000001,-8.615775499999998,6.63631905
1.1030108208817668,-0.11684489999999981,-8.135249649999999,7.1168449
1.0665971266640764,-0.11684489999999981,-7.6547238,7.1168449
