36.112026,140.098485,-28.358502413383174,-41.49524884764105
36.112026,140.098485,-28.358502413383174,-41.49524884764105
36.112026,140.098485,-28.358502413383174,-41.49524884764105
36.112026,140.09848399999998,-28.44852940552103,-41.495248555671424
36.1120255,140.098483,-28.5385565785507,-41.550723255146295
36.112025,140.098481,-28.71861074600078,-41.60619765659794
36.112026,140.098481,-28.71861038193461,-41.495247673708946
36.112028,140.098481,-28.718609653802265,-41.273347708862275
36.112028,140.098481,-28.718609653802265,-41.273347708862275
36.112028,140.0984805,-28.763623147584585,-41.27334756124765
36.112028,140.09848,-28.808636641366896,-41.27334741363302
36.112029,140.09848,-28.80863627615944,-41.16239743074402
36.11203,140.098481,-28.718608925669876,-41.05144774354994
36.11203,140.098481,-28.718608925669876,-41.05144774354994
36.11203,140.098481,-28.718608925669876,-41.05144774354994
36.11203,140.098481,-28.718608925669876,-41.05144774354994
36.11203,140.098481,-28.718608925669876,-41.05144774354994
36.11203,140.098481,-28.718608925669876,-41.05144774354994
36.11203,140.098481,-28.718608925669876,-41.05144774354994
36.11203,140.098481,-28.718608925669876,-41.05144774354994
36.11203,140.098481,-28.718608925669876,-41.05144774354994
36.11203,140.098481,-28.718608925669876,-41.05144774354994
36.11203,140.098481,-28.718608925669876,-41.05144774354994
36.11203,140.098481,-28.718608925669876,-41.05144774354994
36.11203,140.098481,-28.718608925669876,-41.05144774354994
36.11203,140.098483,-28.53855495052434,-41.05144833261147
36.11203,140.098483,-28.53855495052434,-41.05144833261147
36.11203,140.098481,-28.718608925669876,-41.05144774354994
36.11203,140.098482,-28.628581938097113,-41.05144803924486
36.11203,140.098485,-28.358500975378817,-41.05144891794771
36.11203,140.098485,-28.358500975378817,-41.05144891794771
36.11203,140.098485,-28.358500975378817,-41.05144891794771
36.11203,140.098485,-28.358500975378817,-41.05144891794771
36.11203,140.098485,-28.358500975378817,-41.05144891794771
36.11203,140.098485,-28.358500975378817,-41.05144891794771
36.11203,140.098485,-28.358500975378817,-41.05144891794771
36.11203,140.098485,-28.358500975378817,-41.05144891794771
36.11203,140.098485,-28.358500975378817,-41.05144891794771
36.11203,140.098485,-28.358500975378817,-41.05144891794771
36.11203,140.098485,-28.358500975378817,-41.05144891794771
36.11203,140.098485,-28.358500975378817,-41.05144891794771
36.112029,140.09848449999998,-28.403514830382278,-41.16239875508472
36.112029,140.098486,-28.26847434616589,-41.16239919187501
36.112029,140.098486,-28.26847434616589,-41.16239919187501
36.112028,140.098486,-28.26847470452571,-41.27334917522967
36.112028,140.09849,-27.9083667473952,-41.27335033006966
36.112028,140.09849,-27.9083667473952,-41.27335033006966
36.112028,140.0984905,-27.8633532513222,-41.27335047349334
36.112028,140.098491,-27.8183397575399,-41.273350616917014
36.112028,140.098491,-27.8183397575399,-41.273350616917014
36.112028,140.098491,-27.8183397575399,-41.273350616917014
36.112028,140.098491,-27.8183397575399,-41.273350616917014
36.112028,140.098491,-27.8183397575399,-41.273350616917014
36.112028,140.09849,-27.9083667473952,-41.27335033006966
36.112028,140.098491,-27.8183397575399,-41.273350616917014
36.112028,140.09849,-27.9083667473952,-41.27335033006966
36.112028,140.09849,-27.9083667473952,-41.27335033006966
36.112028,140.09849,-27.9083667473952,-41.27335033006966
36.112028,140.09849,-27.9083667473952,-41.27335033006966
36.112028,140.09849,-27.9083667473952,-41.27335033006966
36.112028,140.098489,-27.998393737250492,-41.27335004322231
36.112028,140.0984905,-27.8633532513222,-41.27335047349334
36.112028,140.098491,-27.8183397575399,-41.273350616917014
36.112028,140.098491,-27.8183397575399,-41.273350616917014
36.112028,140.098491,-27.8183397575399,-41.273350616917014
36.112028,140.098491,-27.8183397575399,-41.273350616917014
36.112028,140.098491,-27.8183397575399,-41.273350616917014
36.112028,140.098491,-27.8183397575399,-41.273350616917014
36.112028,140.098492,-27.728312767684606,-41.273350902833045
36.112028,140.098491,-27.8183397575399,-41.273350616917014
36.112028,140.098491,-27.8183397575399,-41.273350616917014
36.112028,140.098491,-27.8183397575399,-41.273350616917014
36.112028,140.098491,-27.8183397575399,-41.273350616917014
36.112028,140.098491,-27.8183397575399,-41.273350616917014
36.112028,140.098491,-27.8183397575399,-41.273350616917014
36.112028,140.098491,-27.8183397575399,-41.273350616917014
36.112028,140.098491,-27.8183397575399,-41.273350616917014
36.112028,140.098491,-27.8183397575399,-41.273350616917014
36.112028,140.098491,-27.8183397575399,-41.273350616917014
36.112028,140.098491,-27.8183397575399,-41.273350616917014
36.112028,140.098491,-27.8183397575399,-41.273350616917014
36.112028,140.098491,-27.8183397575399,-41.273350616917014
36.112028,140.098491,-27.8183397575399,-41.273350616917014
36.112028,140.098491,-27.8183397575399,-41.273350616917014
36.112028,140.098491,-27.8183397575399,-41.273350616917014
36.112028,140.098491,-27.8183397575399,-41.273350616917014
36.112028,140.098491,-27.8183397575399,-41.273350616917014
36.112028,140.098491,-27.8183397575399,-41.273350616917014
36.112028,140.098491,-27.8183397575399,-41.273350616917014
36.112028,140.098491,-27.8183397575399,-41.273350616917014
36.112028,140.098491,-27.8183397575399,-41.273350616917014
36.112028,140.098491,-27.8183397575399,-41.273350616917014
36.112028,140.098491,-27.8183397575399,-41.273350616917014
36.112028,140.09849,-27.9083667473952,-41.27335033006966
36.112028,140.098492,-27.728312767684606,-41.273350902833045
36.112028,140.098495,-27.45823179811875,-41.27335175452754
36.112028,140.098495,-27.45823179811875,-41.27335175452754
36.112028,140.098495,-27.45823179811875,-41.27335175452754
36.112028,140.098495,-27.45823179811875,-41.27335175452754
36.112028,140.098492,-27.728312767684606,-41.273350902833045
36.112028,140.098491,-27.8183397575399,-41.273350616917014
36.112028,140.09849,-27.9083667473952,-41.27335033006966
36.112028,140.09849,-27.9083667473952,-41.27335033006966
36.112028,140.0984915,-27.773326263757596,-41.27335076080635
36.112028,140.098493,-27.638285780120007,-41.27335118735209
36.112028,140.098493,-27.638285780120007,-41.27335118735209
36.112028,140.098493,-27.638285780120007,-41.27335118735209
36.112028,140.098493,-27.638285780120007,-41.27335118735209
36.112028,140.098493,-27.638285780120007,-41.27335118735209
36.112028,140.098493,-27.638285780120007,-41.27335118735209
36.112028,140.098493,-27.638285780120007,-41.27335118735209
36.112028,140.098492,-27.728312767684606,-41.273350902833045
36.112028,140.09849400000002,-27.54825878797403,-41.273351470939815
36.112028,140.098495,-27.45823179811875,-41.27335175452754
36.112028,140.0984955,-27.41321830433645,-41.27335189515725
36.112027,140.098497,-27.278178164213994,-41.38430230040103
36.112026,140.0985,-27.008097535897026,-41.49525311868638
36.112026,140.098498,-27.188151520172653,-41.49525256222114
36.112026,140.098499,-27.09812452803484,-41.49525284161791
36.112026,140.098498,-27.188151520172653,-41.49525256222114
36.112026,140.098498,-27.188151520172653,-41.49525256222114
36.112026,140.098498,-27.188151520172653,-41.49525256222114
36.112026,140.098498,-27.188151520172653,-41.49525256222114
36.112026,140.0985005,-26.96308404097346,-41.4952532579191
36.112026,140.098501,-26.918070546049897,-41.495253396220505
36.112026,140.098501,-26.918070546049897,-41.495253396220505
36.112026,140.0985005,-26.96308404097346,-41.4952532579191
36.112026,140.098501,-26.918070546049897,-41.495253396220505
36.112026,140.0985005,-26.96308404097346,-41.4952532579191
36.112026,140.098501,-26.918070546049897,-41.495253396220505
36.112026,140.0985,-27.008097535897026,-41.49525311868638
36.112026,140.098501,-26.918070546049897,-41.495253396220505
36.112026,140.098502,-26.828043553912085,-41.49525367282331
36.112026,140.098503,-26.738016561774277,-41.49525394802913
36.112026,140.098504,-26.647989569636465,-41.49525422276929
36.112025,140.0985065,-26.422922423110315,-41.606204888317734
36.112025,140.0985055,-26.512949418680076,-41.6062046168372
36.112025,140.0985055,-26.512949418680076,-41.6062046168372
36.112025,140.0985055,-26.512949418680076,-41.6062046168372
36.112025,140.098507,-26.377908927616122,-41.60620502382517
36.112025,140.09850699999998,-26.37790892990681,-41.60620502382517
36.112025,140.098508,-26.287881934337054,-41.60620529484004
36.112025,140.098508,-26.287881934337054,-41.60620529484004
36.112025,140.098508,-26.287881934337054,-41.60620529484004
36.112025,140.098508,-26.287881934337054,-41.60620529484004
36.112025,140.098508,-26.287881934337054,-41.60620529484004
36.112025,140.098508,-26.287881934337054,-41.60620529484004
36.112025,140.098508,-26.287881934337054,-41.60620529484004
36.112025,140.098509,-26.197854941057983,-41.606205565389246
36.112025,140.09851,-26.107827950069602,-41.60620583407581
36.112025,140.09851,-26.107827950069602,-41.60620583407581
36.112025,140.09851,-26.107827950069602,-41.60620583407581
36.112025,140.098508,-26.287881934337054,-41.60620529484004
36.112025,140.098508,-26.287881934337054,-41.60620529484004
36.112025,140.098508,-26.287881934337054,-41.60620529484004
36.112025,140.098508,-26.287881934337054,-41.60620529484004
36.112025,140.098508,-26.287881934337054,-41.60620529484004
36.112025,140.098508,-26.287881934337054,-41.60620529484004
36.112025,140.098508,-26.287881934337054,-41.60620529484004
36.112025,140.098508,-26.287881934337054,-41.60620529484004
36.112025,140.098508,-26.287881934337054,-41.60620529484004
36.112025,140.098508,-26.287881934337054,-41.60620529484004
36.112024,140.098508,-26.28788226758883,-41.717155278194696
36.112024,140.098508,-26.28788226758883,-41.717155278194696
36.112023,140.098508,-26.287882600840593,-41.82810526015237
36.112023,140.098508,-26.287882600840593,-41.82810526015237
36.112023,140.098508,-26.287882600840593,-41.82810526015237
36.112023,140.09850699999998,-26.37790959869289,-41.82810499006882
36.112023,140.098506,-26.467936594254518,-41.82810471812263
36.112023,140.098506,-26.467936594254518,-41.82810471812263
36.112023,140.098506,-26.467936594254518,-41.82810471812263
36.112023,140.098506,-26.467936594254518,-41.82810471812263
36.112023,140.098506,-26.467936594254518,-41.82810471812263
36.112023,140.098506,-26.467936594254518,-41.82810471812263
36.112023,140.098507,-26.377909596402212,-41.82810499006882
36.112023,140.098506,-26.467936594254518,-41.82810471812263
36.112023,140.0985055,-26.512950090889984,-41.828104582149535
36.112023,140.098505,-26.55796358981614,-41.82810444571078
36.112023,140.098505,-26.55796358981614,-41.82810444571078
36.112023,140.098506,-26.467936594254518,-41.82810471812263
36.112023,140.098506,-26.467936594254518,-41.82810471812263
36.112023,140.098505,-26.55796358981614,-41.82810444571078
36.112023,140.098505,-26.55796358981614,-41.82810444571078
36.112023,140.098505,-26.55796358981614,-41.82810444571078
36.112023,140.098505,-26.55796358981614,-41.82810444571078
36.112023,140.0985055,-26.512950090889984,-41.828104582149535
36.112023,140.098505,-26.55796358981614,-41.82810444571078
36.112023,140.0985055,-26.512950090889984,-41.828104582149535
36.112023,140.098505,-26.55796358981614,-41.82810444571078
36.112023,140.098505,-26.55796358981614,-41.82810444571078
36.112023,140.098505,-26.55796358981614,-41.82810444571078
36.112023,140.098505,-26.55796358981614,-41.82810444571078
36.112023,140.098505,-26.55796358981614,-41.82810444571078
36.112023,140.098505,-26.55796358981614,-41.82810444571078
36.112023,140.098505,-26.55796358981614,-41.82810444571078
36.112023,140.098505,-26.55796358981614,-41.82810444571078
36.112023,140.098505,-26.55796358981614,-41.82810444571078
36.112023,140.098505,-26.55796358981614,-41.82810444571078
36.112023,140.098505,-26.55796358981614,-41.82810444571078
36.112023,140.098505,-26.55796358981614,-41.82810444571078
36.112023,140.098505,-26.55796358981614,-41.82810444571078
36.112023,140.098505,-26.55796358981614,-41.82810444571078
36.112024500000004,140.098504,-26.647990076361783,-41.661679197568446
36.112028,140.098505,-26.55796190643812,-41.27335453219712
36.112028,140.098504,-26.647988894002694,-41.27335425792262
36.112028,140.098505,-26.55796190643812,-41.27335453219712
36.11203,140.098502,-26.828042193514307,-41.05145374266431
36.11203,140.0985,-27.00809616636906,-41.051453188527375
36.1120305,140.098497,-27.278176953893635,-40.99597735982388
36.112031,140.0984955,-27.413217261783252,-40.94050194695592
36.112031,140.098495,-27.45823075385365,-40.94050180632621
36.1120305,140.09849400000002,-27.548257914899924,-40.995976512786
36.1120305,140.09849400000002,-27.548257914899924,-40.995976512786
36.112031,140.098495,-27.45823075385365,-40.94050180632621
36.112031,140.098495,-27.45823075385365,-40.94050180632621
36.112031,140.098495,-27.45823075385365,-40.94050180632621
36.112031,140.098495,-27.45823075385365,-40.94050180632621
36.112031,140.098495,-27.45823075385365,-40.94050180632621
36.112031,140.09849400000002,-27.548257740285113,-40.94050152273849
36.112031,140.098495,-27.45823075385365,-40.94050180632621
36.112031,140.098495,-27.45823075385365,-40.94050180632621
36.112031,140.098495,-27.45823075385365,-40.94050180632621
36.112031,140.098495,-27.45823075385365,-40.94050180632621
36.112031,140.098495,-27.45823075385365,-40.94050180632621
36.112031,140.098495,-27.45823075385365,-40.94050180632621
36.112031,140.098495,-27.45823075385365,-40.94050180632621
36.112031,140.098495,-27.45823075385365,-40.94050180632621
36.112031,140.098495,-27.45823075385365,-40.94050180632621
36.112031,140.098495,-27.45823075385365,-40.94050180632621
36.112031,140.098494,-27.548257742575796,-40.94050152273849
36.112031,140.098493,-27.63828472900726,-40.940501239616424
36.112031,140.098495,-27.45823075385365,-40.94050180632621
36.112031,140.09849400000002,-27.548257740285113,-40.94050152273849
36.112031,140.098494,-27.548257742575796,-40.94050152273849
36.112031,140.098493,-27.63828472900726,-40.940501239616424
36.112031,140.098495,-27.45823075385365,-40.94050180632621
36.112031,140.098495,-27.45823075385365,-40.94050180632621
36.112031,140.098495,-27.45823075385365,-40.94050180632621
36.112031,140.098495,-27.45823075385365,-40.94050180632621
36.112031,140.098495,-27.45823075385365,-40.94050180632621
36.112031,140.098495,-27.45823075385365,-40.94050180632621
36.11203,140.098495,-27.458231101942015,-41.05145178921521
36.112031,140.098493,-27.63828472900726,-40.940501239616424
36.112031,140.098493,-27.63828472900726,-40.940501239616424
36.112031,140.098493,-27.63828472900726,-40.940501239616424
36.112031,140.098493,-27.63828472900726,-40.940501239616424
36.112031,140.098493,-27.63828472900726,-40.940501239616424
36.112031,140.098493,-27.63828472900726,-40.940501239616424
36.112031,140.098493,-27.63828472900726,-40.940501239616424
36.112031,140.098493,-27.63828472900726,-40.940501239616424
36.112031,140.098493,-27.63828472900726,-40.940501239616424
36.112031,140.098493,-27.63828472900726,-40.940501239616424
36.112031,140.098493,-27.63828472900726,-40.940501239616424
36.112031,140.098493,-27.63828472900726,-40.940501239616424
36.112031,140.098493,-27.63828472900726,-40.940501239616424
36.112031,140.098493,-27.63828472900726,-40.940501239616424
36.112031,140.098493,-27.63828472900726,-40.940501239616424
36.112031,140.098493,-27.63828472900726,-40.940501239616424
36.112031,140.098493,-27.63828472900726,-40.940501239616424
36.112031,140.098493,-27.63828472900726,-40.940501239616424
36.112031,140.098493,-27.63828472900726,-40.940501239616424
36.112031,140.098493,-27.63828472900726,-40.940501239616424
36.112031,140.098493,-27.63828472900726,-40.940501239616424
36.112031,140.098493,-27.63828472900726,-40.940501239616424
36.112031,140.098493,-27.63828472900726,-40.940501239616424
36.112031,140.098493,-27.63828472900726,-40.940501239616424
36.112027,140.0984955,-27.413218651854176,-41.384301878511906
36.112021999999996,140.0985005,-26.963085408218745,-41.93905318994075
36.112016499999996,140.098504,-26.647992778896473,-42.54927905742079
36.112012,140.098505,-26.557967293247064,-43.048554251901805
36.112009,140.098507,-26.37791427790394,-43.38140474492684
36.1120055,140.098511,-26.017807388434257,-43.76973075931892
36.112003,140.0985145,-25.702713649794383,-44.04710664600134
36.111997,140.0985195,-25.252580478620793,-44.71280784904957
36.111993,140.0985255,-24.712419584911213,-45.15660931961611
36.1119865,140.09852949999998,-24.352313474644845,-45.87778521189466
36.111983,140.098534,-23.947192870833465,-46.26611126540229
36.1119805,140.098537,-23.677112497582467,-46.543486955109984
36.111976999999996,140.098542,-23.2269783078229,-46.931813097558916
36.1119745,140.098542,-23.226979043943253,-47.20918805198744
36.111966499999994,140.098542,-23.22698139952809,-48.0967879043892
36.111961,140.098543,-23.13695595496267,-48.70701304031536
36.111959,140.0985455,-22.911888871214135,-48.92891359562054
36.111958,140.09855,-22.50676735125473,-49.0398646267131
36.1119555,140.098551,-22.416740991951933,-49.3172398111783
36.1119515,140.0985525,-22.28170151176904,-49.76104008033872
36.111947,140.098556,-21.966607995961446,-50.260315793100744
36.1119415,140.0985605,-21.561487632394883,-50.870541696902364
36.111934,140.098564,-21.24639484128581,-51.70266732387245
36.11193,140.098567,-20.976314615836678,-52.146467899437994
36.1119255,140.098569,-20.79626159878788,-52.64574324246496
36.11192,140.098573,-20.436154598612756,-53.25596898654476
36.111919,140.09857399999999,-20.346127743427385,-53.366919175721705
36.1119155,140.098576,-20.166074409675808,-53.75524452421814
36.111915,140.098576,-20.166074537498066,-53.81071951473132
36.111915,140.098576,-20.166074537498066,-53.81071951473132
36.111914,140.098577,-20.07604767318251,-53.92166970251128
36.111913,140.098578,-19.98602080658441,-54.03261988796294
36.111913,140.098576,-20.166075048787107,-54.0326194758527
36.111913,140.098578,-19.98602080658441,-54.03261988796294
36.111913,140.098578,-19.98602080658441,-54.03261988796294
36.111913,140.098576,-20.166075048787107,-54.0326194758527
36.111913,140.098578,-19.98602080658441,-54.03261988796294
36.111913,140.0985785,-19.941007247179087,-54.03261999040842
36.111913,140.098578,-19.98602080658441,-54.03261988796294
36.111913,140.098578,-19.98602080658441,-54.03261988796294
36.111911,140.098578,-19.98602131330834,-54.25451985001564
36.111911,140.098578,-19.98602131330834,-54.25451985001564
36.111911,140.0985785,-19.941007752761745,-54.2545199515298
36.111911,140.098579,-19.89599419221514,-54.25452005490661
36.111911,140.098579,-19.89599419221514,-54.25452005490661
36.111911,140.098579,-19.89599419221514,-54.25452005490661
36.1119105,140.098579,-19.895994318325485,-54.3099950440228
36.11191,140.098579,-19.895994444435832,-54.365470034535974
36.11191,140.098579,-19.895994444435832,-54.365470034535974
36.11191,140.09858,-19.80596731991068,-54.36547023802996
36.11191,140.098582,-19.625913070860378,-54.3654706440866
36.11191,140.09858,-19.80596731991068,-54.36547023802996
36.11191,140.098579,-19.895994444435832,-54.365470034535974
36.11191,140.098581,-19.715940195385524,-54.3654704419896
36.11191,140.098581,-19.715940195385524,-54.3654704419896
36.11191,140.0985785,-19.941008005553066,-54.36546993209049
36.11191,140.098579,-19.895994444435832,-54.365470034535974
36.11191,140.0985835,-19.490872385218,-54.36547094583511
36.111911,140.098584,-19.44585857758644,-54.25452106632292
36.1119105,140.0985835,-19.490872261675516,-54.3099959557876
36.11191,140.098584,-19.445858824100775,-54.36547104595229
36.11191,140.098584,-19.445858824100775,-54.36547104595229
36.11191,140.098584,-19.445858824100775,-54.36547104595229
36.11191,140.098584,-19.445858824100775,-54.36547104595229
36.11191,140.098584,-19.445858824100775,-54.36547104595229
36.11191,140.098584,-19.445858824100775,-54.36547104595229
36.11191,140.098584,-19.445858824100775,-54.36547104595229
36.11191,140.098584,-19.445858824100775,-54.36547104595229
36.11191,140.098584,-19.445858824100775,-54.36547104595229
36.11191,140.098584,-19.445858824100775,-54.36547104595229
36.11191,140.098584,-19.445858824100775,-54.36547104595229
36.11191,140.098584,-19.445858824100775,-54.36547104595229
36.11191,140.098584,-19.445858824100775,-54.36547104595229
36.11191,140.098584,-19.445858824100775,-54.36547104595229
36.11191,140.098584,-19.445858824100775,-54.36547104595229
36.11191,140.098584,-19.445858824100775,-54.36547104595229
36.11191,140.098584,-19.445858824100775,-54.36547104595229
36.11191,140.098584,-19.445858824100775,-54.36547104595229
36.11191,140.098584,-19.445858824100775,-54.36547104595229
36.11191,140.098584,-19.445858824100775,-54.36547104595229
36.11191,140.098584,-19.445858824100775,-54.36547104595229
36.11191,140.098584,-19.445858824100775,-54.36547104595229
36.11191,140.098584,-19.445858824100775,-54.36547104595229
36.111908,140.098584,-19.445859317129432,-54.58737100707367
36.111908,140.098584,-19.445859317129432,-54.58737100707367
36.111908,140.098584,-19.445859317129432,-54.58737100707367
36.111908,140.098584,-19.445859317129432,-54.58737100707367
36.111908,140.098584,-19.445859317129432,-54.58737100707367
36.111908,140.098584,-19.445859317129432,-54.58737100707367
36.111908,140.098584,-19.445859317129432,-54.58737100707367
36.111908,140.098584,-19.445859317129432,-54.58737100707367
36.111908,140.098584,-19.445859317129432,-54.58737100707367
36.111908,140.098584,-19.445859317129432,-54.58737100707367
36.111908,140.098584,-19.445859317129432,-54.58737100707367
36.111908,140.09858499999999,-19.35583219032175,-54.58737120684236
36.111908,140.098584,-19.445859317129432,-54.58737100707367
36.111908,140.098585,-19.35583218803106,-54.58737120684236
36.111908,140.098584,-19.445859317129432,-54.58737100707367
36.111906,140.098584,-19.44585981015806,-54.80927096819505
36.111906,140.098584,-19.44585981015806,-54.80927096819505
36.111906,140.098584,-19.44585981015806,-54.80927096819505
36.111906,140.098584,-19.44585981015806,-54.80927096819505
36.111906,140.098584,-19.44585981015806,-54.80927096819505
36.111906,140.098584,-19.44585981015806,-54.80927096819505
36.111906,140.098584,-19.44585981015806,-54.80927096819505
36.111906,140.098584,-19.44585981015806,-54.80927096819505
36.111906,140.098584,-19.44585981015806,-54.80927096819505
36.111906,140.098584,-19.44585981015806,-54.80927096819505
36.111906,140.098584,-19.44585981015806,-54.80927096819505
36.111906,140.098584,-19.44585981015806,-54.80927096819505
36.111906,140.098584,-19.44585981015806,-54.80927096819505
36.111906,140.098584,-19.44585981015806,-54.80927096819505
36.111906,140.098584,-19.44585981015806,-54.80927096819505
36.111906,140.098584,-19.44585981015806,-54.80927096819505
36.111904,140.098584,-19.445860303186663,-55.03117092885077
36.111904,140.098584,-19.445860303186663,-55.03117092885077
36.111904,140.098584,-19.445860303186663,-55.03117092885077
36.111904,140.098584,-19.445860303186663,-55.03117092885077
36.111904,140.098584,-19.445860303186663,-55.03117092885077
36.111904,140.098584,-19.445860303186663,-55.03117092885077
36.111904,140.098584,-19.445860303186663,-55.03117092885077
36.111904,140.098584,-19.445860303186663,-55.03117092885077
36.111904,140.098584,-19.445860303186663,-55.03117092885077
36.111904,140.098584,-19.445860303186663,-55.03117092885077
36.111904,140.098584,-19.445860303186663,-55.03117092885077
36.111904,140.098584,-19.445860303186663,-55.03117092885077
36.111904,140.098584,-19.445860303186663,-55.03117092885077
36.1119035,140.098584,-19.445860426443808,-55.086645918898284
36.111903,140.098584,-19.445860549700956,-55.14212090987712
36.111903,140.098584,-19.445860549700956,-55.14212090987712
36.111903,140.098584,-19.445860549700956,-55.14212090987712
36.111903,140.098584,-19.445860549700956,-55.14212090987712
36.111903,140.098584,-19.445860549700956,-55.14212090987712
36.111903,140.098584,-19.445860549700956,-55.14212090987712
36.111903,140.098584,-19.445860549700956,-55.14212090987712
36.111903,140.098584,-19.445860549700956,-55.14212090987712
36.111903,140.098584,-19.445860549700956,-55.14212090987712
36.111903,140.098584,-19.445860549700956,-55.14212090987712
36.111903,140.098584,-19.445860549700956,-55.14212090987712
36.111902,140.098584,-19.445860796215246,-55.25307088904083
36.111901,140.098584,-19.44586104272953,-55.36402086960152
36.111901,140.098584,-19.44586104272953,-55.36402086960152
36.111901,140.098584,-19.44586104272953,-55.36402086960152
36.111901,140.098584,-19.44586104272953,-55.36402086960152
36.111901,140.0985835,-19.49087460898247,-55.36402076948434
36.1119005,140.098584,-19.445861165986663,-55.41949585964903
36.1119,140.098584,-19.445861289243805,-55.47497085109353
36.1119,140.09858499999999,-19.355834153305963,-55.47497105039656
36.111898999999994,140.098584,-19.445861535758077,-55.5859208307229
36.111898999999994,140.098584,-19.445861535758077,-55.5859208307229
36.111898,140.098584,-19.445861782272342,-55.69687081128359
36.111898,140.098584,-19.445861782272342,-55.69687081128359
36.111896,140.098586,-19.26580799200432,-55.91877116821706
36.1118955,140.098586,-19.265808114120173,-55.97424615966156
36.111894,140.098586,-19.265808480467726,-56.140671130269766
36.111893,140.098586,-19.26580872469942,-56.25162110943347
36.111893,140.098586,-19.26580872469942,-56.25162110943347
36.111891,140.098586,-19.265809213162797,-56.47352107055485
36.111891,140.098586,-19.265809213162797,-56.47352107055485
36.111891,140.098586,-19.265809213162797,-56.47352107055485
36.111891,140.098586,-19.265809213162797,-56.47352107055485
36.111891,140.098584,-19.445863507872023,-56.47352067194879
36.111893,140.098583,-19.535890158770307,-56.25162051059306
36.111891,140.098582,-19.625917797999882,-56.47352026961744
36.111891,140.0985795,-19.850985662377727,-56.47351976297796
36.111891,140.098577,-20.076053526755583,-56.4735192488879
36.111891,140.098576,-20.166080672964867,-56.473519042599946
36.111891,140.098576,-20.166080672964867,-56.473519042599946
36.111891,140.098575,-20.256107819174154,-56.47351883398369
36.111891,140.098573,-20.43616211159273,-56.47351841535419
36.111891,140.098573,-20.43616211159273,-56.47351841535419
36.111891,140.098573,-20.43616211159273,-56.47351841535419
36.111891,140.098573,-20.43616211159273,-56.47351841535419
36.111891,140.098573,-20.43616211159273,-56.47351841535419
36.111892000000005,140.098573,-20.436161852524545,-56.3625684347935
36.111891,140.098573,-20.43616211159273,-56.47351841535419
36.111891,140.098573,-20.43616211159273,-56.47351841535419
36.111891,140.098572,-20.526189257802024,-56.47351820487529
36.111891,140.098571,-20.61621640401132,-56.473517993465066
36.111891,140.098571,-20.61621640401132,-56.473517993465066
36.1118905,140.098571,-20.61621653468668,-56.52899298258126
36.11189,140.0985705,-20.661230237891978,-56.584467866458
36.11189,140.098571,-20.616216665362042,-56.58446797262877
36.11189,140.098571,-20.616216665362042,-56.58446797262877
36.11189,140.098571,-20.616216665362042,-56.58446797262877
36.11189,140.09857,-20.706243810421917,-56.58446776075289
36.11189,140.09857,-20.706243810421917,-56.58446776075289
36.11189,140.09857,-20.706243810421917,-56.58446776075289
36.11189,140.09857,-20.706243810421917,-56.58446776075289
36.11189,140.098569,-20.79627095777248,-56.584467546548694
36.11189,140.09857,-20.706243810421917,-56.58446776075289
36.11189,140.0985705,-20.661230237891978,-56.584467866458
36.111889,140.0985705,-20.661230499813332,-56.69541784795001
36.111888,140.09857,-20.70624433540588,-56.806367720942944
36.111888,140.09857,-20.70624433540588,-56.806367720942944
36.111888,140.0985705,-20.661230761734675,-56.80636782711372
36.111888,140.09857,-20.70624433540588,-56.806367720942944
36.111888,140.09857,-20.70624433540588,-56.806367720942944
36.111888,140.09857,-20.70624433540588,-56.806367720942944
36.111888,140.09857,-20.70624433540588,-56.806367720942944
36.111888,140.09857,-20.70624433540588,-56.806367720942944
36.111888,140.09857,-20.70624433540588,-56.806367720942944
36.111886999999996,140.09857,-20.706244597897847,-56.91731770103797
36.111886,140.09857,-20.706244860389813,-57.02826768159866
36.111886,140.09857,-20.706244860389813,-57.02826768159866
36.111886,140.09857,-20.706244860389813,-57.02826768159866
36.111888,140.098568,-20.886298634672094,-56.80636729253456
36.111886,140.098568,-20.886299164221107,-57.02826725319028
36.111886,140.098568,-20.886299164221107,-57.02826725319028
36.111886,140.098568,-20.886299164221107,-57.02826725319028
36.111886,140.098568,-20.886299164221107,-57.02826725319028
36.111886,140.098567,-20.976326316136756,-57.0282670375891
36.111886,140.098566,-21.06635346576171,-57.02826682198793
36.111886,140.098566,-21.06635346576171,-57.02826682198793
36.111886,140.098566,-21.06635346576171,-57.02826682198793
36.111886,140.098566,-21.06635346576171,-57.02826682198793
36.111886,140.098566,-21.06635346576171,-57.02826682198793
36.111886,140.098566,-21.06635346576171,-57.02826682198793
36.111886,140.098568,-20.886299164221107,-57.02826725319028
36.111886,140.098568,-20.886299164221107,-57.02826725319028
36.111886,140.098568,-20.886299164221107,-57.02826725319028
36.111886,140.098568,-20.886299164221107,-57.02826725319028
36.111886,140.098568,-20.886299164221107,-57.02826725319028
36.111886,140.098568,-20.886299164221107,-57.02826725319028
36.111886,140.098566,-21.06635346576171,-57.02826682198793
36.111885,140.098566,-21.06635373281875,-57.139216801617295
36.111885,140.098566,-21.06635373281875,-57.139216801617295
36.111885,140.098566,-21.06635373281875,-57.139216801617295
36.111885,140.098567,-20.97632658205252,-57.13921701814979
36.111884,140.098567,-20.97632684796828,-57.25016699777916
36.111883,140.098566,-21.0663542669328,-57.36111676134169
36.111884,140.098567,-20.97632684796828,-57.25016699777916
36.111885,140.098568,-20.8862994289956,-57.13921723375097
36.111885,140.098568,-20.8862994289956,-57.13921723375097
36.111885,140.098568,-20.8862994289956,-57.13921723375097
36.111885,140.098568,-20.8862994289956,-57.13921723375097
36.111885,140.098568,-20.8862994289956,-57.13921723375097
36.1118855,140.098568,-20.88629929660836,-57.08374224277213
36.111886,140.098568,-20.886299164221107,-57.02826725319028
36.111886,140.098568,-20.886299164221107,-57.02826725319028
36.111886,140.098568,-20.886299164221107,-57.02826725319028
36.111886,140.098569,-20.796272012305458,-57.02826746739447
36.1118855,140.09857,-20.7062449916358,-57.08374267118052
36.111885,140.09857,-20.70624512288177,-57.13921766122803
36.111885,140.09857,-20.70624512288177,-57.13921766122803
36.111885,140.09857,-20.70624512288177,-57.13921766122803
36.111885,140.09857,-20.70624512288177,-57.13921766122803
36.111885,140.098571,-20.616217972115546,-57.13921787310392
36.111885,140.098571,-20.616217972115546,-57.13921787310392
36.111885,140.09857,-20.70624512288177,-57.13921766122803
36.111885,140.098571,-20.616217972115546,-57.13921787310392
36.111884,140.098571,-20.61621823346623,-57.25016785366461
36.111883,140.098571,-20.61621849481691,-57.361117833759636
36.111883,140.098571,-20.61621849481691,-57.361117833759636
36.111883,140.098571,-20.61621849481691,-57.361117833759636
36.111883,140.098571,-20.61621849481691,-57.361117833759636
36.111883,140.09857,-20.706245647865668,-57.36111762095243
36.111883,140.09857,-20.706245647865668,-57.36111762095243
36.111883,140.09857,-20.706245647865668,-57.36111762095243
36.111883,140.09857,-20.706245647865668,-57.36111762095243
36.111883,140.09857,-20.706245647865668,-57.36111762095243
36.111883,140.09857,-20.706245647865668,-57.36111762095243
36.111884,140.098568,-20.886299693770095,-57.250167212914675
36.111883,140.098568,-20.88629995854458,-57.361117193475366
36.111885,140.098566,-21.06635373281875,-57.139216801617295
36.111883,140.098566,-21.0663542669328,-57.36111676134169
36.111884,140.098566,-21.06635399987578,-57.25016678171232
36.111885,140.098566,-21.06635373281875,-57.139216801617295
36.111885,140.098566,-21.06635373281875,-57.139216801617295
36.111884,140.098567,-20.97632684796828,-57.25016699777916
36.111883,140.098568,-20.88629995854458,-57.361117193475366
36.111883,140.098568,-20.88629995854458,-57.361117193475366
36.111883,140.098568,-20.88629995854458,-57.361117193475366
36.111883,140.098566,-21.0663542669328,-57.36111676134169
36.111885,140.098567,-20.97632658205252,-57.13921701814979
36.111885,140.098568,-20.8862994289956,-57.13921723375097
36.111885,140.098568,-20.8862994289956,-57.13921723375097
36.111885,140.098568,-20.8862994289956,-57.13921723375097
36.111885,140.098568,-20.8862994289956,-57.13921723375097
36.111885,140.098569,-20.79627227593868,-57.13921744702384
36.111885,140.09857,-20.70624512288177,-57.13921766122803
36.111886,140.09857,-20.706244860389813,-57.02826768159866
36.111886,140.09857,-20.706244860389813,-57.02826768159866
36.111886,140.09857,-20.706244860389813,-57.02826768159866
36.111886999999996,140.09857,-20.706244597897847,-56.91731770103797
36.111886999999996,140.0985705,-20.661231023656004,-56.917317806743085
36.111888,140.098571,-20.61621718806346,-56.80636793375015
36.111888,140.098571,-20.61621718806346,-56.80636793375015
36.111888,140.098571,-20.61621718806346,-56.80636793375015
36.111888,140.098571,-20.61621718806346,-56.80636793375015
36.111888,140.098571,-20.61621718806346,-56.80636793375015
36.111888,140.098571,-20.61621718806346,-56.80636793375015
36.11189,140.0985705,-20.661230237891978,-56.584467866458
36.11189,140.09857,-20.706243810421917,-56.58446776075289
36.11189,140.09857,-20.706243810421917,-56.58446776075289
36.11189,140.09857,-20.706243810421917,-56.58446776075289
36.11189,140.09857,-20.706243810421917,-56.58446776075289
36.1118905,140.09857,-20.706243679175923,-56.52899276977405
36.111891,140.098571,-20.61621640401132,-56.473517993465066
36.111891,140.098571,-20.61621640401132,-56.473517993465066
36.111891,140.0985705,-20.661229975970627,-56.47351788729429
36.111893,140.09857,-20.706243022945927,-56.25161782093346
36.111893,140.09857,-20.706243022945927,-56.25161782093346
36.111893,140.09857,-20.706243022945927,-56.25161782093346
36.111893,140.09857,-20.706243022945927,-56.25161782093346
36.111893,140.09857,-20.706243022945927,-56.25161782093346
36.111892,140.098568,-20.88629757557399,-56.362567372620106
36.111891,140.098568,-20.886297840348526,-56.473517353180796
36.111891,140.098568,-20.886297840348526,-56.473517353180796
36.111891,140.098568,-20.886297840348526,-56.473517353180796
36.111891,140.098567,-20.976324986557827,-56.47351713804528
36.111891,140.098566,-21.06635213047644,-56.473516921978444
36.111891,140.098567,-20.976324986557827,-56.47351713804528
36.111891,140.098568,-20.886297840348526,-56.473517353180796
36.111891,140.098568,-20.886297840348526,-56.473517353180796
36.111893,140.098568,-20.886297310799446,-56.25161739252508
36.111892,140.098568,-20.88629757557399,-56.362567372620106
36.111891,140.098568,-20.886297840348526,-56.473517353180796
36.111891,140.098568,-20.886297840348526,-56.473517353180796
36.111891,140.098568,-20.886297840348526,-56.473517353180796
36.111892,140.098568,-20.88629757557399,-56.362567372620106
36.111891,140.098567,-20.976324986557827,-56.47351713804528
36.111891,140.098566,-21.06635213047644,-56.473516921978444
36.111891,140.098566,-21.06635213047644,-56.473516921978444
36.111891,140.098566,-21.06635213047644,-56.473516921978444
36.111891,140.098566,-21.06635213047644,-56.473516921978444
36.111892000000005,140.098566,-21.066351863419367,-56.36256694048643
36.111893,140.098565,-21.156378740289053,-56.251616743858904
36.111893,140.0985655,-21.111365169471007,-56.251616852823645
36.111893,140.098566,-21.06635159636228,-56.251616961322725
36.111893,140.098566,-21.06635159636228,-56.251616961322725
36.111893,140.098567,-20.97632445472621,-56.2516171769239
36.111893,140.098568,-20.886297310799446,-56.25161739252508
36.111893,140.098568,-20.886297310799446,-56.25161739252508
36.111893,140.098568,-20.886297310799446,-56.25161739252508
36.111893,140.098568,-20.886297310799446,-56.25161739252508
36.111893,140.098568,-20.886297310799446,-56.25161739252508
36.111893,140.098568,-20.886297310799446,-56.25161739252508
36.111893,140.09857,-20.706243022945927,-56.25161782093346
36.111893,140.09857,-20.706243022945927,-56.25161782093346
36.111893,140.09857,-20.706243022945927,-56.25161782093346
36.111893,140.0985705,-20.661229452127895,-56.25161792617291
36.111894,140.098571,-20.616215619959117,-56.14066805271432
36.111895,140.098571,-20.616215358608375,-56.02971807355061
36.111895,140.098572,-20.52618821696416,-56.029718284960836
36.111895,140.098573,-20.436161075319944,-56.0297184959054
36.111895,140.098573,-20.436161075319944,-56.0297184959054
36.111895,140.098573,-20.436161075319944,-56.0297184959054
36.111895,140.098573,-20.436161075319944,-56.0297184959054
36.111895,140.09857399999999,-20.34613393367573,-56.02971870545298
36.111895,140.098575,-20.256106792031524,-56.029718914069235
36.111895,140.098575,-20.256106792031524,-56.029718914069235
36.111895,140.098575,-20.256106792031524,-56.029718914069235
36.111895,140.098575,-20.256106792031524,-56.029718914069235
36.111895,140.098575,-20.256106792031524,-56.029718914069235
36.111895,140.098575,-20.256106792031524,-56.029718914069235
36.111895,140.098575,-20.256106792031524,-56.029718914069235
36.111895,140.098576,-20.16607965038732,-56.02971912221983
36.111895,140.098576,-20.16607965038732,-56.02971912221983
36.111895,140.098576,-20.16607965038732,-56.02971912221983
36.111895,140.098576,-20.16607965038732,-56.02971912221983
36.111895,140.098576,-20.16607965038732,-56.02971912221983
36.111895,140.098576,-20.16607965038732,-56.02971912221983
36.111895,140.098576,-20.16607965038732,-56.02971912221983
36.111895,140.098576,-20.16607965038732,-56.02971912221983
36.111895,140.098577,-20.07605250874311,-56.02971932897344
36.111894,140.098576,-20.16607990603171,-56.14066910231486
36.111893,140.098578,-19.986025873822612,-56.25161949498579
36.111893,140.098578,-19.986025873822612,-56.25161949498579
36.111893,140.098578,-19.986025873822612,-56.25161949498579
36.111893,140.098578,-19.986025873822612,-56.25161949498579
36.111893,140.098578,-19.986025873822612,-56.25161949498579
36.111893,140.098578,-19.986025873822612,-56.25161949498579
36.111893,140.098578,-19.986025873822612,-56.25161949498579
36.111893,140.098578,-19.986025873822612,-56.25161949498579
36.111893,140.098579,-19.89599873218656,-56.251619699876755
36.111893,140.098579,-19.89599873218656,-56.251619699876755
36.111893,140.098579,-19.89599873218656,-56.251619699876755
36.111893,140.098579,-19.89599873218656,-56.251619699876755
36.111893,140.098579,-19.89599873218656,-56.251619699876755
36.111893,140.098579,-19.89599873218656,-56.251619699876755
36.111893,140.098579,-19.89599873218656,-56.251619699876755
36.111893,140.098579,-19.89599873218656,-56.251619699876755
36.111893,140.098579,-19.89599873218656,-56.251619699876755
36.111893,140.098581,-19.715944444333086,-56.25162010686472
36.111893,140.098581,-19.715944444333086,-56.25162010686472
36.111893,140.098581,-19.715944444333086,-56.25162010686472
36.111893,140.098581,-19.715944444333086,-56.25162010686472
36.111893,140.098581,-19.715944444333086,-56.25162010686472
36.111893,140.098581,-19.715944444333086,-56.25162010686472
36.111893,140.098581,-19.715944444333086,-56.25162010686472
36.111893,140.098581,-19.715944444333086,-56.25162010686472
36.111893,140.098581,-19.715944444333086,-56.25162010686472
36.111893,140.098581,-19.715944444333086,-56.25162010686472
36.111893,140.098583,-19.535890158770307,-56.25162051059306
36.111893,140.098583,-19.535890158770307,-56.25162051059306
36.111891,140.098583,-19.535890654081296,-56.47352047171444
36.111891,140.098583,-19.535890654081296,-56.47352047171444
36.111891,140.098583,-19.535890654081296,-56.47352047171444
36.111891,140.098583,-19.535890654081296,-56.47352047171444
36.111891,140.098583,-19.535890654081296,-56.47352047171444
36.111891,140.098583,-19.535890654081296,-56.47352047171444
36.111891,140.098583,-19.535890654081296,-56.47352047171444
36.111891,140.098583,-19.535890654081296,-56.47352047171444
36.111891,140.098583,-19.535890654081296,-56.47352047171444
36.111891,140.098583,-19.535890654081296,-56.47352047171444
36.111891,140.098583,-19.535890654081296,-56.47352047171444
36.111891,140.098583,-19.535890654081296,-56.47352047171444
36.111891,140.098583,-19.535890654081296,-56.47352047171444
36.111891,140.0985835,-19.49087707983131,-56.47352057136595
36.111891,140.098584,-19.445863507872023,-56.47352067194879
36.111891,140.098584,-19.445863507872023,-56.47352067194879
36.111891,140.098584,-19.445863507872023,-56.47352067194879
36.111891,140.098584,-19.445863507872023,-56.47352067194879
36.111891,140.098584,-19.445863507872023,-56.47352067194879
36.111891,140.098586,-19.265809213162797,-56.47352107055485
36.11189,140.098586,-19.265809457394475,-56.58447104971856
36.11189,140.098586,-19.265809457394475,-56.58447104971856
36.11189,140.098586,-19.265809457394475,-56.58447104971856
36.11189,140.098587,-19.17578231004393,-56.58447124669328
36.11189,140.098588,-19.085755164984093,-56.58447144413367
36.11189,140.098588,-19.085755164984093,-56.58447144413367
36.11189,140.098588,-19.085755164984093,-56.58447144413367
36.111888,140.098588,-19.085755648882355,-56.80637140525505
36.111888,140.098588,-19.085755648882355,-56.80637140525505
36.111888,140.098588,-19.085755648882355,-56.80637140525505
36.111888,140.098588,-19.085755648882355,-56.80637140525505
36.111888,140.098588,-19.085755648882355,-56.80637140525505
36.111888,140.098588,-19.085755648882355,-56.80637140525505
36.111888,140.098589,-18.99572849924928,-56.80637160083279
36.111888,140.09859,-18.905701349616212,-56.80637179594487
36.111888,140.09859,-18.905701349616212,-56.80637179594487
36.111888,140.09859,-18.905701349616212,-56.80637179594487
36.111888,140.098591,-18.815674199983143,-56.806371989659965
36.111888,140.098591,-18.815674199983143,-56.806371989659965
36.111888,140.098591,-18.815674199983143,-56.806371989659965
36.111888,140.098593,-18.635619903007704,-56.80637237569317
36.111886,140.098593,-18.635620375493247,-57.028272334486246
36.111886,140.098593,-18.635620375493247,-57.028272334486246
36.111886,140.098593,-18.635620375493247,-57.028272334486246
36.111886,140.098593,-18.635620375493247,-57.028272334486246
36.111886,140.098593,-18.635620375493247,-57.028272334486246
36.111886,140.098593,-18.635620375493247,-57.028272334486246
36.111886,140.098593,-18.635620375493247,-57.028272334486246
36.111886,140.098593,-18.635620375493247,-57.028272334486246
36.111886,140.098593,-18.635620375493247,-57.028272334486246
36.111886,140.098594,-18.545593223577644,-57.028272525407374
36.111886999999996,140.098595,-18.455565839992502,-56.91732273576781
36.111886,140.098595,-18.455566073952735,-57.0282727163285
36.111886,140.098596,-18.36553892203714,-57.028272905852646
36.111886,140.098596,-18.36553892203714,-57.028272905852646
36.111886,140.098596,-18.36553892203714,-57.028272905852646
36.111886,140.098596,-18.36553892203714,-57.028272905852646
36.111886,140.098598,-18.185484615915257,-57.028273281641304
36.111886,140.098598,-18.185484615915257,-57.028273281641304
36.111886,140.098598,-18.185484615915257,-57.028273281641304
36.111886,140.098598,-18.185484615915257,-57.028273281641304
36.111886,140.098598,-18.185484615915257,-57.028273281641304
36.111886,140.098598,-18.185484615915257,-57.028273281641304
36.111886,140.098598,-18.185484615915257,-57.028273281641304
36.111886,140.0986,-18.005430314374763,-57.02827365370467
36.111885,140.0986,-18.00543054262864,-57.13922363426536
36.111885,140.0986,-18.00543054262864,-57.13922363426536
36.111885,140.0986,-18.00543054262864,-57.13922363426536
36.111885,140.0986,-18.00543054262864,-57.13922363426536
36.111885,140.0986,-18.00543054262864,-57.13922363426536
36.111885,140.0986,-18.00543054262864,-57.13922363426536
36.111885,140.0986,-18.00543054262864,-57.13922363426536
36.111885,140.0986,-18.00543054262864,-57.13922363426536
36.111885,140.0986,-18.00543054262864,-57.13922363426536
36.111885,140.0986,-18.00543054262864,-57.13922363426536
36.111885,140.0986,-18.00543054262864,-57.13922363426536
36.111885,140.0986,-18.00543054262864,-57.13922363426536
36.111885,140.0986,-18.00543054262864,-57.13922363426536
36.111885,140.0986,-18.00543054262864,-57.13922363426536
36.111885,140.0986,-18.00543054262864,-57.13922363426536
36.111885,140.098601,-17.91540338957178,-57.13922381820157
36.111885,140.098601,-17.91540338957178,-57.13922381820157
36.111885,140.098601,-17.91540338957178,-57.13922381820157
36.111885,140.098601,-17.91540338957178,-57.13922381820157
36.111885,140.098601,-17.91540338957178,-57.13922381820157
36.111885,140.098601,-17.91540338957178,-57.13922381820157
36.111885,140.098601,-17.91540338957178,-57.13922381820157
36.111885,140.098601,-17.91540338957178,-57.13922381820157
36.111885,140.098601,-17.91540338957178,-57.13922381820157
36.111885,140.098601,-17.91540338957178,-57.13922381820157
36.111885,140.098601,-17.91540338957178,-57.13922381820157
36.111885,140.098601,-17.91540338957178,-57.13922381820157
36.111885,140.098601,-17.91540338957178,-57.13922381820157
36.111885,140.098601,-17.91540338957178,-57.13922381820157
36.111885,140.098601,-17.91540338957178,-57.13922381820157
36.111885,140.098603,-17.73534908345807,-57.13922418560833
36.111885,140.098603,-17.73534908345807,-57.13922418560833
36.111885,140.098603,-17.73534908345807,-57.13922418560833
36.111885,140.098603,-17.73534908345807,-57.13922418560833
36.111885,140.098603,-17.73534908345807,-57.13922418560833
36.111885,140.098603,-17.73534908345807,-57.13922418560833
36.111885,140.098603,-17.73534908345807,-57.13922418560833
36.111885,140.098603,-17.73534908345807,-57.13922418560833
36.111885,140.098603,-17.73534908345807,-57.13922418560833
36.111885,140.098603,-17.73534908345807,-57.13922418560833
36.111885,140.098603,-17.73534908345807,-57.13922418560833
36.111885,140.098604,-17.645321932691903,-57.13922436721623
36.111885,140.098605,-17.555294779635055,-57.13922454835847
36.111885,140.098605,-17.555294779635055,-57.13922454835847
36.111885,140.098605,-17.555294779635055,-57.13922454835847
36.111885,140.098605,-17.555294779635055,-57.13922454835847
36.111885,140.098605,-17.555294779635055,-57.13922454835847
36.111885,140.098605,-17.555294779635055,-57.13922454835847
36.111885,140.098605,-17.555294779635055,-57.13922454835847
36.111885,140.098605,-17.555294779635055,-57.13922454835847
36.111885,140.098605,-17.555294779635055,-57.13922454835847
36.111883,140.098605,-17.555295224730102,-57.36112450854853
36.111883,140.098605,-17.555295224730102,-57.36112450854853
36.111883,140.098605,-17.555295224730102,-57.36112450854853
36.111883,140.098605,-17.555295224730102,-57.36112450854853
36.111883,140.098605,-17.555295224730102,-57.36112450854853
36.111883,140.098605,-17.555295224730102,-57.36112450854853
36.111883,140.0986055,-17.510281648205748,-57.36112459888682
36.111883,140.098606,-17.46526806939071,-57.361124688759446
36.111883,140.098606,-17.46526806939071,-57.361124688759446
36.111883,140.098606,-17.46526806939071,-57.361124688759446
36.111883,140.098606,-17.46526806939071,-57.361124688759446
36.111883,140.098606,-17.46526806939071,-57.361124688759446
36.111883,140.098606,-17.46526806939071,-57.361124688759446
36.111883,140.098606,-17.46526806939071,-57.361124688759446
36.111883,140.09860700000002,-17.375240911760635,-57.36112486757338
36.111883,140.098608,-17.285213758711937,-57.36112504592165
36.111881999999994,140.098608,-17.285213977835642,-57.472075026948005
36.111881,140.098608,-17.285214196959345,-57.58302500611171
36.111881,140.098608,-17.285214196959345,-57.58302500611171
36.111881,140.098608,-17.285214196959345,-57.58302500611171
36.111881,140.098608,-17.285214196959345,-57.58302500611171
36.111881,140.098608,-17.285214196959345,-57.58302500611171
36.111881,140.098608,-17.285214196959345,-57.58302500611171
36.111881,140.098608,-17.285214196959345,-57.58302500611171
36.111881,140.098608,-17.285214196959345,-57.58302500611171
36.111881,140.098608,-17.285214196959345,-57.58302500611171
36.111881,140.098608,-17.285214196959345,-57.58302500611171
36.111881,140.098608,-17.285214196959345,-57.58302500611171
36.111881,140.098608,-17.285214196959345,-57.58302500611171
36.111881,140.098608,-17.285214196959345,-57.58302500611171
36.111881,140.098608,-17.285214196959345,-57.58302500611171
36.111881,140.098608,-17.285214196959345,-57.58302500611171
36.111881,140.098608,-17.285214196959345,-57.58302500611171
36.111881,140.098608,-17.285214196959345,-57.58302500611171
36.111881,140.098608,-17.285214196959345,-57.58302500611171
36.111881,140.09861,-17.105159881715505,-57.58302536047995
36.111881,140.09861,-17.105159881715505,-57.58302536047995
36.111881,140.0986105,-17.06014630404989,-57.58302544802427
36.1118805,140.098611,-17.01513283194353,-57.63850052561611
36.11188,140.098611,-17.01513293979347,-57.693975515663624
36.11188,140.098612,-16.925105783320976,-57.693975689355284
36.11188,140.098611,-17.01513293979347,-57.693975515663624
36.11188,140.098611,-17.01513293979347,-57.693975515663624
36.11188,140.098613,-16.835078624557788,-57.693975863046944
36.11188,140.098613,-16.835078624557788,-57.693975863046944
36.11188,140.098613,-16.835078624557788,-57.693975863046944
36.11188,140.098613,-16.835078624557788,-57.693975863046944
36.11188,140.098613,-16.835078624557788,-57.693975863046944
36.11188,140.098613,-16.835078624557788,-57.693975863046944
36.11188,140.098615,-16.65502430703142,-57.69397620810196
36.11188,140.098615,-16.65502430703142,-57.69397620810196
36.11188,140.098615,-16.65502430703142,-57.69397620810196
36.11188,140.098615,-16.65502430703142,-57.69397620810196
36.11188,140.098615,-16.65502430703142,-57.69397620810196
36.11188,140.098615,-16.65502430703142,-57.69397620810196
36.11188,140.098615,-16.65502430703142,-57.69397620810196
36.11188,140.098615,-16.65502430703142,-57.69397620810196
36.11188,140.0986155,-16.610010728795178,-57.693976293783635
36.11188,140.098616,-16.56499715055893,-57.69397637946531
36.11188,140.098616,-16.56499715055893,-57.69397637946531
36.11188,140.098615,-16.65502430703142,-57.69397620810196
36.11188,140.098615,-16.65502430703142,-57.69397620810196
36.11188,140.098615,-16.65502430703142,-57.69397620810196
36.11188,140.098615,-16.65502430703142,-57.69397620810196
36.11188,140.098615,-16.65502430703142,-57.69397620810196
36.11188,140.098615,-16.65502430703142,-57.69397620810196
36.11188,140.098616,-16.56499715055893,-57.69397637946531
36.11188,140.098616,-16.56499715055893,-57.69397637946531
36.11188,140.098616,-16.56499715055893,-57.69397637946531
36.11188,140.098616,-16.56499715055893,-57.69397637946531
36.11188,140.098616,-16.56499715055893,-57.69397637946531
36.111878999999995,140.098618,-16.384943040743575,-57.804926697630435
36.111878,140.098618,-16.38494324845457,-57.915876677725464
36.111878,140.098618,-16.38494324845457,-57.915876677725464
36.111878,140.098618,-16.38494324845457,-57.915876677725464
36.111878,140.098618,-16.38494324845457,-57.915876677725464
36.111878,140.098618,-16.38494324845457,-57.915876677725464
36.111878,140.098618,-16.38494324845457,-57.915876677725464
36.111878,140.098618,-16.38494324845457,-57.915876677725464
36.11188,140.098618,-16.384942833032575,-57.69397671800107
36.11188,140.098618,-16.384942833032575,-57.69397671800107
36.11188,140.098618,-16.384942833032575,-57.69397671800107
36.11188,140.098618,-16.384942833032575,-57.69397671800107
36.11188,140.098618,-16.384942833032575,-57.69397671800107
36.11188,140.098618,-16.384942833032575,-57.69397671800107
36.11188,140.098618,-16.384942833032575,-57.69397671800107
36.11188,140.098618,-16.384942833032575,-57.69397671800107
36.11188,140.098618,-16.384942833032575,-57.69397671800107
36.11188,140.098618,-16.384942833032575,-57.69397671800107
36.11188,140.098618,-16.384942833032575,-57.69397671800107
36.11188,140.098618,-16.384942833032575,-57.69397671800107
36.11188,140.098618,-16.384942833032575,-57.69397671800107
36.1118805,140.098617,-16.474969887369618,-57.638501558918506
36.11188,140.098616,-16.56499715055893,-57.69397637946531
36.11188,140.098616,-16.56499715055893,-57.69397637946531
36.11188,140.098616,-16.56499715055893,-57.69397637946531
36.11188,140.098616,-16.56499715055893,-57.69397637946531
36.11188,140.098616,-16.56499715055893,-57.69397637946531
36.11188,140.098618,-16.384942833032575,-57.69397671800107
36.11188,140.098618,-16.384942833032575,-57.69397671800107
36.11188,140.09861899999999,-16.2949156742694,-57.69397688517347
36.11188,140.09862,-16.204888515506223,-57.69397705281153
36.11188,140.098618,-16.384942833032575,-57.69397671800107
36.11188,140.098618,-16.384942833032575,-57.69397671800107
36.11188,140.098618,-16.384942833032575,-57.69397671800107
36.11188,140.098618,-16.384942833032575,-57.69397671800107
36.11188,140.09861899999999,-16.2949156742694,-57.69397688517347
36.11188,140.09862,-16.204888515506223,-57.69397705281153
36.111878,140.09862,-16.20488892636314,-57.91587701253593
36.111878,140.09862,-16.20488892636314,-57.91587701253593
36.111878,140.09862,-16.20488892636314,-57.91587701253593
36.111878,140.09862,-16.20488892636314,-57.91587701253593
36.111876,140.09862,-16.20488933722003,-58.137776971794665
36.111876,140.09862,-16.20488933722003,-58.137776971794665
36.111876,140.09862,-16.20488933722003,-58.137776971794665
36.111876,140.09862,-16.20488933722003,-58.137776971794665
36.111876,140.09862,-16.20488933722003,-58.137776971794665
36.111876,140.09862,-16.20488933722003,-58.137776971794665
36.111876,140.09862,-16.20488933722003,-58.137776971794665
36.111876,140.09861899999999,-16.294916500548283,-58.13777680462226
36.111876,140.098618,-16.384943663876538,-58.13777663744986
36.111876,140.098618,-16.384943663876538,-58.13777663744986
36.111876,140.098618,-16.384943663876538,-58.13777663744986
36.111876,140.098616,-16.564997990533048,-58.13777629705146
36.111876,140.098616,-16.564997990533048,-58.13777629705146
36.111876,140.098615,-16.655025151570616,-58.13777612708509
36.111876,140.098615,-16.655025151570616,-58.13777612708509
36.111876,140.098615,-16.655025151570616,-58.13777612708509
36.111876,140.098615,-16.655025151570616,-58.13777612708509
36.111876,140.098615,-16.655025151570616,-58.13777612708509
36.111876,140.098615,-16.655025151570616,-58.13777612708509
36.111876,140.098615,-16.655025151570616,-58.13777612708509
36.111876,140.098615,-16.655025151570616,-58.13777612708509
36.111875,140.098615,-16.6550253627054,-58.24872610764578
36.1118755,140.098614,-16.7450524210369,-58.19325094530359
36.111876,140.098615,-16.655025151570616,-58.13777612708509
36.111876,140.098615,-16.655025151570616,-58.13777612708509
36.111877,140.098613,-16.835079264809803,-58.02682580286637
36.111878,140.098612,-16.925106212438198,-57.915875650011
36.111879,140.098611,-17.015133155493352,-57.80492549482733
36.11188,140.098612,-16.925105783320976,-57.693975689355284
36.11188,140.098613,-16.835078624557788,-57.693975863046944
36.11188,140.098613,-16.835078624557788,-57.693975863046944
36.11188,140.098613,-16.835078624557788,-57.693975863046944
36.11188,140.098613,-16.835078624557788,-57.693975863046944
36.11188,140.098613,-16.835078624557788,-57.693975863046944
36.11188,140.098613,-16.835078624557788,-57.693975863046944
36.11188,140.098613,-16.835078624557788,-57.693975863046944
36.11188,140.098613,-16.835078624557788,-57.693975863046944
36.11188,140.098613,-16.835078624557788,-57.693975863046944
36.111878999999995,140.098613,-16.83507883797513,-57.80492584314197
36.111878,140.098611,-17.01513337119323,-57.91587547538802
36.111877,140.098611,-17.0151335868931,-58.02682545455173
36.111876,140.098611,-17.01513380259297,-58.137775434181094
36.111876,140.098613,-16.835079478227133,-58.13777578249574
36.111876,140.098613,-16.835079478227133,-58.13777578249574
36.111875,140.098613,-16.835079691644452,-58.24872576305643
36.111875,140.098613,-16.835079691644452,-58.24872576305643
36.111875,140.098613,-16.835079691644452,-58.24872576305643
36.111875,140.098613,-16.835079691644452,-58.24872576305643
36.111874,140.098613,-16.83507990506177,-58.35967574175447
36.111875,140.098615,-16.6550253627054,-58.24872610764578
36.111875,140.098615,-16.6550253627054,-58.24872610764578
36.111875,140.098616,-16.564998200526563,-58.24872627854347
36.111875,140.098616,-16.564998200526563,-58.24872627854347
