36.111926999999994,140.098485,-28.358538003946958,-52.47929703537375
36.1119265,140.098485,-28.358538183697064,-52.53477202542126
36.111926499999996,140.098485,-28.358538183697068,-52.534772026818246
36.111925,140.098486,-28.268511615541065,-52.701197288464755
36.111925,140.098487,-28.17848450813476,-52.7011975790374
36.111925,140.098487,-28.17848450813476,-52.7011975790374
36.1119255,140.098486,-28.2685114363616,-52.64572229841724
36.111927,140.0984855,-28.313524450239726,-52.47929718112573
36.111929,140.098485,-28.3585372849465,-52.257397073321044
36.11193,140.098485,-28.358536925446277,-52.146447092760354
36.11193,140.0984855,-28.313523373450938,-52.14644723851234
36.11193,140.098486,-28.26850982374631,-52.14644738426432
36.11193,140.098485,-28.358536925446277,-52.146447092760354
36.11193,140.0984855,-28.313523373450938,-52.14644723851234
36.111931,140.0984855,-28.313523014521344,-52.03549725795165
36.111931999999996,140.0984855,-28.313522655591722,-51.92454727739096
36.111933,140.0984855,-28.313522296662086,-51.813597296364605
36.111931999999996,140.09848399999998,-28.44856330586319,-51.924546839203686
36.111931999999996,140.098485,-28.35853620644577,-51.924547131638974
36.111931999999996,140.09848399999998,-28.44856330586319,-51.924546839203686
36.111934500000004,140.098483,-28.53858950082358,-51.647171593271196
36.111936,140.098483,-28.53858895814935,-51.48074662312865
36.1119355,140.098483,-28.53858913904076,-51.536221612710506
36.111939500000005,140.098482,-28.628614782767258,-51.09242139570415
36.1119405,140.098481,-28.71864150955975,-50.981471119914204
36.1119405,140.098481,-28.71864150955975,-50.981471119914204
36.111943,140.098481,-28.71864059939618,-50.704096167348325
36.111943,140.098481,-28.71864059939618,-50.704096167348325
36.111945,140.098481,-28.718639871265285,-50.48219620482996
36.111943999999994,140.098481,-28.71864023533074,-50.59314618539065
36.111945,140.098481,-28.718639871265285,-50.48219620482996
36.111945,140.098481,-28.718639871265285,-50.48219620482996
36.111943999999994,140.098481,-28.71864023533074,-50.59314618539065
36.111945,140.098481,-28.718639871265285,-50.48219620482996
36.111943999999994,140.098481,-28.71864023533074,-50.59314618539065
36.111945,140.098481,-28.718639871265285,-50.48219620482996
36.111945,140.098481,-28.718639871265285,-50.48219620482996
36.111945,140.098481,-28.718639871265285,-50.48219620482996
36.111946,140.0984805,-28.7636530477743,-50.37124607525766
36.111946,140.09848,-28.80866658834877,-50.37124592671171
36.111948,140.09848,-28.808665857935285,-50.14934596512467
36.111948,140.09848,-28.808665857935285,-50.14934596512467
36.111948,140.09848,-28.808665857935285,-50.14934596512467
36.111948999999996,140.09848,-28.808665492728526,-50.03839598456398
36.111949,140.09848,-28.808665492728526,-50.038395983632654
36.111948,140.09848,-28.808665857935285,-50.14934596512467
36.111947,140.09848,-28.808666223142033,-50.26029594615102
36.111949,140.09848,-28.808665492728526,-50.038395983632654
36.11195,140.09848,-28.808665127521767,-49.92744600214064
36.111951,140.098479,-28.89869184004828,-49.81649572495371
36.111952,140.098479,-28.898691473700215,-49.70554574299604
36.111955,140.098478,-28.98871744782421,-49.37269550282508
36.111955,140.098478,-28.98871744782421,-49.37269550282508
36.111955,140.098478,-28.98871744782421,-49.37269550282508
36.111955,140.098478,-28.98871744782421,-49.37269550282508
36.111955,140.098478,-28.98871744782421,-49.37269550282508
36.111955,140.098478,-28.98871744782421,-49.37269550282508
36.111954,140.098478,-28.988717815313557,-49.483645484782755
36.111957000000004,140.098477,-29.07874378373113,-49.15079524088651
36.111958,140.098476,-29.168770482554187,-49.03984495997429
36.111956,140.098478,-28.988717080334848,-49.26174552086741
36.111958,140.098476,-29.168770482554187,-49.03984495997429
36.111958,140.098476,-29.168770482554187,-49.03984495997429
36.111956,140.098478,-28.988717080334848,-49.26174552086741
36.111958,140.098476,-29.168770482554187,-49.03984495997429
36.111958,140.098476,-29.168770482554187,-49.03984495997429
36.111958,140.098476,-29.168770482554187,-49.03984495997429
36.111958,140.098476,-29.168770482554187,-49.03984495997429
36.111959000000006,140.098476,-29.16877011278226,-48.928894978016615
36.11196,140.098476,-29.16876974301033,-48.8179449965246
36.111959,140.098476,-29.168770112782262,-48.9288949794136
36.111959000000006,140.098477,-29.078743046469828,-48.928895278368145
36.1119605,140.098476,-29.168769558124346,-48.76247000740841
36.111961,140.098476,-29.168769373238376,-48.70699501596391
36.111962000000005,140.098476,-29.168769003466423,-48.59604503400624
36.111962000000005,140.098476,-29.168769003466423,-48.59604503400624
36.111965,140.0984755,-29.213781426173586,-48.26319494051859
36.111966,140.098475,-29.258794584992724,-48.15224480768666
36.111965,140.0984755,-29.213781426173586,-48.26319494051859
36.111965,140.098475,-29.25879495590599,-48.26319479057565
36.111965,140.0984755,-29.213781426173586,-48.26319494051859
36.111965,140.098474,-29.348822017661487,-48.26319448882714
36.1119655,140.098471,-29.61890301518883,-48.207718587480485
36.111965,140.098471,-29.618903202928006,-48.263193578924984
36.1119655,140.098471,-29.61890301518883,-48.207718587480485
36.111965,140.098471,-29.618903202928006,-48.263193578924984
36.111965,140.098471,-29.618903202928006,-48.263193578924984
36.111965,140.098471,-29.618903202928006,-48.263193578924984
36.111965,140.098471,-29.618903202928006,-48.263193578924984
36.111965,140.098471,-29.618903202928006,-48.263193578924984
36.111966,140.0984705,-29.66391635890211,-48.152243443764746
36.111965,140.0984705,-29.66391673495111,-48.263193427119404
36.111964,140.098471,-29.61890357840635,-48.37414356088266
36.111963,140.098471,-29.618903953884676,-48.48509354144335
36.111963,140.098471,-29.618903953884676,-48.48509354144335
36.111964,140.098471,-29.61890357840635,-48.37414356088266
36.111962000000005,140.098471,-29.618904329363005,-48.59604352293536
36.111962000000005,140.098471,-29.618904329363005,-48.59604352293536
36.111965,140.098471,-29.618903202928006,-48.263193578924984
36.111966,140.09847,-29.7089298880639,-48.152243291027844
36.111965,140.098471,-29.618903202928006,-48.263193578924984
36.111965,140.0984705,-29.66391673495111,-48.263193427119404
36.1119655,140.09847,-29.708930076373708,-48.20771828247234
36.111965,140.098471,-29.618903202928006,-48.263193578924984
36.111967,140.0984705,-29.66391598285312,-48.04129346227273
36.1119655,140.0984705,-29.66391654692662,-48.20771843474358
36.111964,140.098471,-29.61890357840635,-48.37414356088266
36.1119655,140.0984705,-29.66391654692662,-48.20771843474358
36.1119655,140.0984705,-29.66391654692662,-48.20771843474358
36.111963,140.098471,-29.618903953884676,-48.48509354144335
36.111963,140.098471,-29.618903953884676,-48.48509354144335
36.111965,140.098471,-29.618903202928006,-48.263193578924984
36.111964,140.098471,-29.61890357840635,-48.37414356088266
36.111963,140.098471,-29.618903953884676,-48.48509354144335
36.111963,140.098471,-29.618903953884676,-48.48509354144335
36.111963,140.098471,-29.618903953884676,-48.48509354144335
36.111963,140.098471,-29.618903953884676,-48.48509354144335
36.111967,140.0984705,-29.66391598285312,-48.04129346227273
36.111968,140.09847,-29.70892913482462,-47.93034332850948
36.111967,140.0984705,-29.66391598285312,-48.04129346227273
36.111965,140.098473,-29.438849079416997,-48.263194187078625
36.111962000000005,140.098475,-29.258796068645733,-48.59604473365471
36.111963,140.098476,-29.168768633694448,-48.48509505297989
36.11196150000001,140.098477,-29.078742124893132,-48.65152032440528
36.111955,140.09848,-28.8086633014878,-49.37269609654322
36.111956,140.098478,-28.988717080334848,-49.26174552086741
36.1119555,140.098478,-28.988717264079526,-49.31722051091492
36.1119505,140.098479,-28.898692023222296,-49.871970715001225
36.1119505,140.098481,-28.718637868905144,-49.871971307788044
36.111948,140.09848,-28.808665857935285,-50.14934596512467
36.111945,140.098481,-28.718639871265285,-50.48219620482996
36.111945,140.098481,-28.718639871265285,-50.48219620482996
36.111945,140.098481,-28.718639871265285,-50.48219620482996
36.111947,140.098481,-28.718639143134354,-50.2602962423116
36.111947,140.098481,-28.718639143134354,-50.2602962423116
36.111948,140.098481,-28.71863877906888,-50.149346261285245
36.111949,140.098481,-28.718638415003394,-50.03839627979323
36.11195,140.098481,-28.718638050937898,-49.92744629876688
36.11195,140.0984805,-28.76365158922983,-49.92744615068659
36.111948999999996,140.098481,-28.718638415003394,-50.038396280724555
36.111946,140.098481,-28.718639507199825,-50.37124622287229
36.111946,140.098481,-28.718639507199825,-50.37124622287229
36.111945,140.098481,-28.718639871265285,-50.48219620482996
36.111945500000004,140.098481,-28.718639689232557,-50.426721214316785
36.111946,140.098481,-28.718639507199825,-50.37124622287229
36.111945500000004,140.098481,-28.718639689232557,-50.426721214316785
36.111947,140.098481,-28.718639143134354,-50.2602962423116
36.111945,140.098482,-28.62861278668438,-50.482196499593556
36.111946,140.098482,-28.628612423760188,-50.37124651763588
36.111946,140.098482,-28.628612423760188,-50.37124651763588
36.111945,140.098481,-28.718639871265285,-50.48219620482996
36.111947,140.09848399999998,-28.44855789623927,-50.2602971252054
36.111947,140.098485,-28.358530813940916,-50.260297417175025
36.1119455,140.09848399999998,-28.44855843720175,-50.426722097210586
36.111943,140.098483,-28.538586425669287,-50.704096756409854
36.111942,140.098483,-28.538586787452175,-50.815046736970544
36.111943,140.098485,-28.358532251942403,-50.70409734128043
36.111943999999994,140.098485,-28.358531892442045,-50.59314735932276
36.111945,140.098485,-28.358531532941676,-50.482197378762066
36.111945,140.098485,-28.358531532941676,-50.482197378762066
36.111945,140.098486,-28.268504448360776,-50.48219767026603
36.111945,140.098486,-28.268504448360776,-50.48219767026603
36.111945,140.098486,-28.268504448360776,-50.48219767026603
36.111945,140.098486,-28.268504448360776,-50.48219767026603
36.111942,140.098486,-28.26850552343804,-50.81504761334509
36.111941,140.098486,-28.268505881797108,-50.925997592974454
36.11194,140.098486,-28.268506240156178,-51.03694757586345
36.11194,140.0984855,-28.313519784154458,-51.03694743011147
36.1119405,140.098487,-28.17847897126003,-50.981472874991596
36.11194,140.098486,-28.268506240156178,-51.03694757586345
36.111938,140.098486,-28.268506956874262,-51.25884753605351
36.111938,140.098488,-28.088452771734687,-51.25884811580181
36.11194,140.098488,-28.08845205958168,-51.03694815468043
36.11194,140.098489,-27.998424971585123,-51.03694844385609
36.11194,140.098487,-28.17847914986893,-51.03694786550477
36.111938,140.098488,-28.088452771734687,-51.25884811580181
36.111938,140.098488,-28.088452771734687,-51.25884811580181
36.11194,140.098487,-28.17847914986893,-51.03694786550477
36.11194,140.098487,-28.17847914986893,-51.03694786550477
36.11194,140.098487,-28.17847914986893,-51.03694786550477
36.111942,140.098486,-28.26850552343804,-50.81504761334509
36.111943,140.098486,-28.268505165078967,-50.704097632784396
36.111943,140.0984855,-28.313518707365336,-50.70409748703241
36.111942,140.0984855,-28.31351906629505,-50.815047468524426
36.111943,140.098485,-28.358532251942403,-50.70409734128043
36.111942,140.0984855,-28.31351906629505,-50.815047468524426
36.111943999999994,140.0984855,-28.313518348435615,-50.59314750600606
36.111945,140.098485,-28.358531532941676,-50.482197378762066
36.111943,140.098485,-28.358532251942403,-50.70409734128043
36.111943999999994,140.098485,-28.358531892442045,-50.59314735932276
36.111945,140.098485,-28.358531532941676,-50.482197378762066
36.111943999999994,140.098485,-28.358531892442045,-50.59314735932276
36.111943,140.098485,-28.358532251942403,-50.70409734128043
36.111943,140.098485,-28.358532251942403,-50.70409734128043
36.111945,140.098485,-28.358531532941676,-50.482197378762066
36.111945,140.098485,-28.358531532941676,-50.482197378762066
36.111945,140.098485,-28.358531532941676,-50.482197378762066
36.111945,140.098485,-28.358531532941676,-50.482197378762066
36.111945,140.098485,-28.358531532941676,-50.482197378762066
36.111945,140.098485,-28.358531532941676,-50.482197378762066
36.111945,140.098485,-28.358531532941676,-50.482197378762066
36.111945,140.098486,-28.268504448360776,-50.48219767026603
36.111943999999994,140.098486,-28.268504806719875,-50.59314765082672
36.111943,140.098486,-28.268505165078967,-50.704097632784396
36.111943,140.098486,-28.268505165078967,-50.704097632784396
36.111945,140.098486,-28.268504448360776,-50.48219767026603
36.111945,140.098486,-28.268504448360776,-50.48219767026603
36.111945,140.098486,-28.268504448360776,-50.48219767026603
36.111945,140.098486,-28.268504448360776,-50.48219767026603
36.1119455,140.098486,-28.268504269181232,-50.42672268114984
36.111945,140.098486,-28.268504448360776,-50.48219767026603
36.111945,140.098486,-28.268504448360776,-50.48219767026603
36.111945,140.098486,-28.268504448360776,-50.48219767026603
36.111945500000004,140.0984855,-28.313517810041013,-50.426722534000874
36.111946,140.098486,-28.268504090001663,-50.37124768830836
36.111946,140.098486,-28.268504090001663,-50.37124768830836
36.111946,140.098485,-28.358531173441296,-50.37124739680439
36.111946,140.098485,-28.358531173441296,-50.37124739680439
36.111946,140.098485,-28.358531173441296,-50.37124739680439
36.111946,140.098485,-28.358531173441296,-50.37124739680439
36.111946,140.098485,-28.358531173441296,-50.37124739680439
36.111946,140.098485,-28.358531173441296,-50.37124739680439
36.111946,140.098485,-28.358531173441296,-50.37124739680439
36.111946,140.098485,-28.358531173441296,-50.37124739680439
36.111946,140.098485,-28.358531173441296,-50.37124739680439
36.111946,140.098485,-28.358531173441296,-50.37124739680439
36.1119455,140.098485,-28.3585313531915,-50.426722389645875
36.111945,140.098485,-28.358531532941676,-50.482197378762066
36.111945,140.098485,-28.358531532941676,-50.482197378762066
36.111945,140.098485,-28.358531532941676,-50.482197378762066
36.111945,140.098485,-28.358531532941676,-50.482197378762066
36.111945,140.098485,-28.358531532941676,-50.482197378762066
36.111945,140.098485,-28.358531532941676,-50.482197378762066
36.111945,140.0984855,-28.313517989505876,-50.48219752451405
36.111945,140.098486,-28.268504448360776,-50.48219767026603
36.111945,140.098486,-28.268504448360776,-50.48219767026603
36.111945,140.098486,-28.268504448360776,-50.48219767026603
36.111945,140.098486,-28.268504448360776,-50.48219767026603
36.111945,140.098486,-28.268504448360776,-50.48219767026603
36.111945,140.098486,-28.268504448360776,-50.48219767026603
36.111945,140.098486,-28.268504448360776,-50.48219767026603
36.111945,140.098486,-28.268504448360776,-50.48219767026603
36.111945,140.098486,-28.268504448360776,-50.48219767026603
36.111945,140.098486,-28.268504448360776,-50.48219767026603
36.111945,140.098486,-28.268504448360776,-50.48219767026603
36.111945,140.098486,-28.268504448360776,-50.48219767026603
36.111945,140.098486,-28.268504448360776,-50.48219767026603
36.111946,140.098486,-28.268504090001663,-50.37124768830836
36.111946,140.098486,-28.268504090001663,-50.37124768830836
36.111946,140.098486,-28.268504090001663,-50.37124768830836
36.111946,140.098486,-28.268504090001663,-50.37124768830836
36.111946,140.098486,-28.268504090001663,-50.37124768830836
36.111946,140.098486,-28.268504090001663,-50.37124768830836
36.111948,140.098486,-28.268503373283437,-50.149347726255655
36.111946,140.098486,-28.268504090001663,-50.37124768830836
36.111946,140.098486,-28.268504090001663,-50.37124768830836
36.111946,140.098486,-28.268504090001663,-50.37124768830836
36.111946,140.098488,-28.088449923122432,-50.37124826805666
36.111946,140.098488,-28.088449923122432,-50.37124826805666
36.111946,140.098488,-28.088449923122432,-50.37124826805666
36.111946,140.098488,-28.088449923122432,-50.37124826805666
36.111946,140.098488,-28.088449923122432,-50.37124826805666
36.111946,140.098487,-28.17847700656205,-50.37124797794968
36.111946,140.098486,-28.268504090001663,-50.37124768830836
36.1119455,140.098486,-28.268504269181232,-50.42672268114984
36.111945,140.098486,-28.268504448360776,-50.48219767026603
36.111946,140.098486,-28.268504090001663,-50.37124768830836
36.1119455,140.098486,-28.268504269181232,-50.42672268114984
36.111945,140.098487,-28.178477363779887,-50.482197960838675
36.111945,140.098488,-28.088450279198995,-50.482198250014335
36.111943999999994,140.098488,-28.088450635275546,-50.593148230575025
36.111943,140.09849,-27.90839681991593,-50.70409878855571
36.111943999999994,140.098488,-28.088450635275546,-50.593148230575025
36.111943,140.098488,-28.088450991352094,-50.7040982125327
36.111943,140.098489,-27.998423906779347,-50.704098500777036
36.111943,140.09849,-27.90839681991593,-50.70409878855571
36.111943,140.09849,-27.90839681991593,-50.70409878855571
36.111943,140.09849,-27.90839681991593,-50.70409878855571
36.111941,140.09849,-27.9083975275039,-50.92599874874577
36.111941,140.09849,-27.9083975275039,-50.92599874874577
36.111941,140.09849,-27.9083975275039,-50.92599874874577
36.111941,140.09849,-27.9083975275039,-50.92599874874577
36.111941,140.09849,-27.9083975275039,-50.92599874874577
36.111941,140.09849,-27.9083975275039,-50.92599874874577
36.111941,140.09849,-27.9083975275039,-50.92599874874577
36.111941,140.09849,-27.9083975275039,-50.92599874874577
36.11194,140.09849,-27.908397881297887,-51.036948731634766
36.11194,140.09849,-27.908397881297887,-51.036948731634766
36.11194,140.09849,-27.908397881297887,-51.036948731634766
36.1119405,140.09849,-27.908397704400898,-50.98147374019027
36.111941,140.098489,-27.998424616649874,-50.925998460967094
36.111941,140.098488,-28.088451703505154,-50.92599817272276
36.111941,140.098488,-28.088451703505154,-50.92599817272276
36.111941,140.098488,-28.088451703505154,-50.92599817272276
36.111941,140.098488,-28.088451703505154,-50.92599817272276
36.111941,140.098488,-28.088451703505154,-50.92599817272276
36.111941,140.098488,-28.088451703505154,-50.92599817272276
36.111943,140.098488,-28.088450991352094,-50.7040982125327
36.111943,140.098488,-28.088450991352094,-50.7040982125327
36.111941,140.098488,-28.088451703505154,-50.92599817272276
36.1119405,140.098488,-28.088451881543417,-50.981473164167255
36.11194,140.098488,-28.08845205958168,-51.03694815468043
36.111939,140.09849,-27.908398235091852,-51.14789871266112
36.111938,140.09849,-27.908398588885817,-51.258848691824824
36.11194,140.09849,-27.908397881297887,-51.036948731634766
36.111939,140.09849,-27.908398235091852,-51.14789871266112
36.111939,140.09849,-27.908398235091852,-51.14789871266112
36.111941,140.098488,-28.088451703505154,-50.92599817272276
36.111943,140.098488,-28.088450991352094,-50.7040982125327
36.111943,140.098487,-28.178478078215527,-50.70409792335704
36.111943,140.098486,-28.268505165078967,-50.704097632784396
36.111943,140.098486,-28.268505165078967,-50.704097632784396
36.111943,140.098486,-28.268505165078967,-50.704097632784396
36.111943,140.098486,-28.268505165078967,-50.704097632784396
36.111943,140.098486,-28.268505165078967,-50.704097632784396
36.111943,140.098486,-28.268505165078967,-50.704097632784396
36.111943,140.098486,-28.268505165078967,-50.704097632784396
36.111943,140.098486,-28.268505165078967,-50.704097632784396
36.111943,140.098486,-28.268505165078967,-50.704097632784396
36.111943999999994,140.098485,-28.358531892442045,-50.59314735932276
36.111945,140.098485,-28.358531532941676,-50.482197378762066
36.111945,140.098485,-28.358531532941676,-50.482197378762066
36.111945,140.098485,-28.358531532941676,-50.482197378762066
36.111945,140.098485,-28.358531532941676,-50.482197378762066
36.111945,140.098485,-28.358531532941676,-50.482197378762066
36.111945,140.098485,-28.358531532941676,-50.482197378762066
36.111945,140.098485,-28.358531532941676,-50.482197378762066
36.111945,140.098485,-28.358531532941676,-50.482197378762066
36.111945,140.098485,-28.358531532941676,-50.482197378762066
36.111945,140.098485,-28.358531532941676,-50.482197378762066
36.111945,140.098485,-28.358531532941676,-50.482197378762066
36.111945,140.098485,-28.358531532941676,-50.482197378762066
36.111946,140.098485,-28.358531173441296,-50.37124739680439
36.111946,140.098485,-28.358531173441296,-50.37124739680439
36.111946,140.098485,-28.358531173441296,-50.37124739680439
36.111946,140.098485,-28.358531173441296,-50.37124739680439
36.111947,140.098485,-28.358530813940916,-50.260297417175025
36.111948,140.098485,-28.35853045444052,-50.14934743521735
36.111948,140.098485,-28.35853045444052,-50.14934743521735
36.111948,140.098485,-28.35853045444052,-50.14934743521735
36.111948,140.098485,-28.35853045444052,-50.14934743521735
36.111948,140.098485,-28.35853045444052,-50.14934743521735
36.111948,140.098485,-28.35853045444052,-50.14934743521735
36.111948,140.098485,-28.35853045444052,-50.14934743521735
36.111948,140.098485,-28.35853045444052,-50.14934743521735
36.111948,140.098485,-28.35853045444052,-50.14934743521735
36.111948,140.098485,-28.35853045444052,-50.14934743521735
36.111948,140.098485,-28.35853045444052,-50.14934743521735
36.111948,140.098485,-28.35853045444052,-50.14934743521735
36.111948,140.098485,-28.35853045444052,-50.14934743521735
36.111948,140.098485,-28.35853045444052,-50.14934743521735
36.111949,140.098485,-28.35853009494012,-50.03839745372534
36.11195,140.098485,-28.35852973543971,-49.92744747269899
36.11195,140.098485,-28.35852973543971,-49.92744747269899
36.11195,140.098485,-28.35852973543971,-49.92744747269899
36.11195,140.098485,-28.35852973543971,-49.92744747269899
36.111951,140.098483,-28.538583531405838,-49.81649690773338
36.111951,140.098483,-28.538583531405838,-49.81649690773338
36.111951,140.098483,-28.538583531405838,-49.81649690773338
36.111951,140.098483,-28.538583531405838,-49.81649690773338
36.111951,140.098483,-28.538583531405838,-49.81649690773338
36.111951,140.098483,-28.538583531405838,-49.81649690773338
36.111952,140.098483,-28.538583169622864,-49.705546924844384
36.111953,140.098483,-28.538582807839884,-49.59459694335237
36.111955,140.098482,-28.628609157442103,-49.372696687467396
36.1119555,140.098481,-28.71863604857752,-49.317221401724964
36.111956,140.098481,-28.718635866544748,-49.26174641214311
36.111956,140.098481,-28.718635866544748,-49.26174641214311
36.111956,140.098481,-28.718635866544748,-49.26174641214311
36.111956,140.098481,-28.718635866544748,-49.26174641214311
36.111956,140.098481,-28.718635866544748,-49.26174641214311
36.111958,140.098481,-28.718635138413617,-49.03984644822776
36.111958,140.098481,-28.718635138413617,-49.03984644822776
36.111958,140.098481,-28.718635138413617,-49.03984644822776
36.111958,140.098481,-28.718635138413617,-49.03984644822776
36.111958,140.09848,-28.808662205867314,-49.039846152067184
36.111958,140.098481,-28.718635138413617,-49.03984644822776
36.111958,140.098481,-28.718635138413617,-49.03984644822776
36.111958,140.098481,-28.718635138413617,-49.03984644822776
36.111958,140.098481,-28.718635138413617,-49.03984644822776
36.111958,140.098481,-28.718635138413617,-49.03984644822776
36.111958,140.098481,-28.718635138413617,-49.03984644822776
36.111958,140.098481,-28.718635138413617,-49.03984644822776
36.111958,140.098481,-28.718635138413617,-49.03984644822776
36.111958,140.098481,-28.718635138413617,-49.03984644822776
36.111958,140.098481,-28.718635138413617,-49.03984644822776
36.111956,140.098482,-28.628608794517827,-49.261746706906706
36.111956,140.098483,-28.538581722490903,-49.26174700120464
36.111956,140.098483,-28.538581722490903,-49.26174700120464
36.111956,140.098482,-28.628608794517827,-49.261746706906706
36.111956,140.098481,-28.718635866544748,-49.26174641214311
36.111956,140.0984805,-28.763649401412867,-49.26174626406282
36.111956,140.09848,-28.80866293628099,-49.26174611598253
36.111956,140.098481,-28.718635866544748,-49.26174641214311
36.111956,140.098481,-28.718635866544748,-49.26174641214311
36.111956,140.098481,-28.718635866544748,-49.26174641214311
36.111956,140.098481,-28.718635866544748,-49.26174641214311
36.111955,140.098483,-28.538582084273905,-49.37269698176533
36.111955,140.098483,-28.538582084273905,-49.37269698176533
36.111955,140.098483,-28.538582084273905,-49.37269698176533
36.111955,140.098483,-28.538582084273905,-49.37269698176533
36.111955,140.098483,-28.538582084273905,-49.37269698176533
36.111955,140.098483,-28.538582084273905,-49.37269698176533
36.111955,140.098483,-28.538582084273905,-49.37269698176533
36.111953,140.0984805,-28.763650495321386,-49.594596206210554
36.111953,140.09848,-28.80866403190141,-49.594596058595926
36.111953,140.09848,-28.80866403190141,-49.594596058595926
36.111953,140.09848,-28.80866403190141,-49.594596058595926
36.111953,140.09848,-28.80866403190141,-49.594596058595926
36.111953,140.09848,-28.80866403190141,-49.594596058595926
36.111953,140.09848,-28.80866403190141,-49.594596058595926
36.111951,140.09848,-28.808664762314987,-49.81649602204561
36.111951,140.09848,-28.808664762314987,-49.81649602204561
36.111951,140.09848,-28.808664762314987,-49.81649602204561
36.111951,140.098478,-28.988718917781565,-49.81649542739615
36.11195,140.098476,-29.168773440729314,-49.92744480911642
36.11195,140.098476,-29.168773440729314,-49.92744480911642
36.11195,140.098476,-29.168773440729314,-49.92744480911642
36.111951,140.098476,-29.16877307095746,-49.816494829487056
36.111951,140.098476,-29.16877307095746,-49.816494829487056
36.111951,140.098476,-29.16877307095746,-49.816494829487056
36.111951,140.098477,-29.07874599551486,-49.81649512890726
36.111951,140.098476,-29.16877307095746,-49.816494829487056
36.111951,140.098477,-29.07874599551486,-49.81649512890726
36.111951,140.098476,-29.16877307095746,-49.816494829487056
36.111951,140.098476,-29.16877307095746,-49.816494829487056
36.111951,140.098476,-29.16877307095746,-49.816494829487056
36.111951,140.098476,-29.16877307095746,-49.816494829487056
36.1119505,140.098476,-29.16877325584339,-49.87196981860325
36.11195,140.098476,-29.168773440729314,-49.92744480911642
36.11195,140.098477,-29.07874636414545,-49.92744510946795
36.11195,140.098478,-28.98871928527088,-49.9274454084225
36.11195,140.098478,-28.98871928527088,-49.9274454084225
36.11195,140.098478,-28.98871928527088,-49.9274454084225
36.11195,140.098478,-28.98871928527088,-49.9274454084225
36.11195,140.098478,-28.98871928527088,-49.9274454084225
36.1119505,140.098478,-28.988719101526222,-49.87197041651234
36.11195,140.098478,-28.98871928527088,-49.9274454084225
36.11195,140.098478,-28.98871928527088,-49.9274454084225
36.11195,140.098476,-29.168773440729314,-49.92744480911642
36.11195,140.098476,-29.168773440729314,-49.92744480911642
36.111951,140.098476,-29.16877307095746,-49.816494829487056
36.111951,140.098477,-29.07874599551486,-49.81649512890726
36.111951,140.098478,-28.988718917781565,-49.81649542739615
36.111951,140.098478,-28.988718917781565,-49.81649542739615
36.1119505,140.098478,-28.988719101526222,-49.87197041651234
36.11195,140.098478,-28.98871928527088,-49.9274454084225
36.11195,140.098478,-28.98871928527088,-49.9274454084225
36.11195,140.098478,-28.98871928527088,-49.9274454084225
36.11195,140.098478,-28.98871928527088,-49.9274454084225
36.11195,140.098478,-28.98871928527088,-49.9274454084225
36.111948,140.098478,-28.98872002024949,-50.1493453704752
36.111946,140.098477,-29.07874783866771,-50.3712450331077
36.111946,140.098476,-29.168774919816666,-50.37124473368749
36.111946,140.098476,-29.168774919816666,-50.37124473368749
36.111947,140.098476,-29.168774550044844,-50.26029475359246
36.111947,140.098476,-29.168774550044844,-50.26029475359246
36.111946,140.098476,-29.168774919816666,-50.37124473368749
36.111946,140.098477,-29.07874783866771,-50.3712450331077
36.111946,140.098478,-28.988720755228055,-50.371245332062244
36.111946,140.098478,-28.988720755228055,-50.371245332062244
36.111946,140.098478,-28.988720755228055,-50.371245332062244
36.111946,140.098478,-28.988720755228055,-50.371245332062244
36.1119455,140.098478,-28.98872093897271,-50.42672032490373
36.111946,140.098478,-28.988720755228055,-50.371245332062244
36.111946,140.098478,-28.988720755228055,-50.371245332062244
36.111946,140.098477,-29.07874783866771,-50.3712450331077
36.111946,140.098477,-29.07874783866771,-50.3712450331077
36.1119455,140.098476,-29.168775104702583,-50.426719726994634
36.111945500000004,140.098477,-29.07874802298298,-50.42672002548352
36.111945,140.098476,-29.16877528958848,-50.482194716110826
36.111943999999994,140.098476,-29.168775659360286,-50.593144696671516
36.111943,140.0984755,-29.213789573709168,-50.704094528220594
36.111943,140.098475,-29.25880311599555,-50.704094377812
36.111942,140.098475,-29.258803486908615,-50.81504435837269
36.111941,140.098473,-29.438858036113682,-50.92599373497069
36.111941,140.098473,-29.438858036113682,-50.92599373497069
36.111941,140.098473,-29.438858036113682,-50.92599373497069
36.111941,140.098471,-29.618912214405714,-50.92599312728271
36.111941,140.098471,-29.618912214405714,-50.92599312728271
36.111941,140.09847,-29.70893930355174,-50.925992821808904
36.111941,140.09847,-29.70893930355174,-50.925992821808904
36.111941,140.09847,-29.70893930355174,-50.925992821808904
36.111941,140.09847,-29.70893930355174,-50.925992821808904
36.111941,140.09847,-29.70893930355174,-50.925992821808904
36.111941,140.09847,-29.70893930355174,-50.925992821808904
36.111941,140.09847,-29.70893930355174,-50.925992821808904
36.111942,140.09847,-29.708938926932344,-50.81504284217954
36.111941,140.0984705,-29.66392576012407,-50.92599297454581
36.111941,140.098471,-29.618912214405714,-50.92599312728271
36.11194,140.098471,-29.61891258988385,-51.036943109706044
36.1119405,140.09847200000002,-29.52888531013744,-50.98146842326969
36.11194,140.098471,-29.61891258988385,-51.036943109706044
36.111941,140.0984705,-29.66392576012407,-50.92599297454581
36.111941,140.09847,-29.70893930355174,-50.925992821808904
36.111941,140.09847,-29.70893930355174,-50.925992821808904
36.11194,140.09847,-29.70893968017114,-51.0369428046979
36.111939,140.0984705,-29.663926512221582,-51.147892938461155
36.111938,140.098471,-29.618913340840066,-51.25884307036176
36.111938,140.098471,-29.618913340840066,-51.25884307036176
36.111936,140.098471,-29.618914091796253,-51.48074303334579
36.111936,140.098471,-29.618914091796253,-51.48074303334579
36.111936,140.098471,-29.618914091796253,-51.48074303334579
36.111936,140.098471,-29.618914091796253,-51.48074303334579
36.111936,140.0984705,-29.663927640367785,-51.48074288060889
36.111936,140.09847,-29.708941186648634,-51.480742728337646
36.111936,140.09847,-29.708941186648634,-51.480742728337646
36.111935,140.098468,-29.888995752964593,-51.59169209562242
36.111935,140.098468,-29.888995752964593,-51.59169209562242
36.111935,140.098468,-29.888995752964593,-51.59169209562242
36.111935,140.098467,-29.979022848958245,-51.59169178782031
36.111935,140.098466,-30.0690499449519,-51.591691478621215
36.111935,140.098466,-30.0690499449519,-51.591691478621215
36.111935,140.098465,-30.159077040945558,-51.59169116895646
36.111935,140.098465,-30.159077040945558,-51.59169116895646
36.111935,140.098465,-30.159077040945558,-51.59169116895646
36.111935,140.0984655,-30.11406349180339,-51.59169132448733
36.111935,140.098466,-30.0690499449519,-51.591691478621215
36.111933,140.098466,-30.069050707320738,-51.81359144067392
36.111933,140.098467,-29.979023609044543,-51.81359174940735
36.111931999999996,140.098468,-29.888996889670214,-51.924542039167136
36.111931,140.098468,-29.88899726857207,-52.0354920187965
36.111931,140.098466,-30.06905146968955,-52.03549140226096
36.111931,140.098466,-30.06905146968955,-52.03549140226096
36.111931,140.098466,-30.06905146968955,-52.03549140226096
36.111931,140.098466,-30.06905146968955,-52.03549140226096
36.111931,140.098465,-30.159078570248287,-52.0354910925962
36.111931,140.098464,-30.24910566851635,-52.035490782465786
36.111933,140.098463,-30.339131999858658,-51.81359050888568
36.111933,140.098463,-30.339131999858658,-51.81359050888568
36.111931999999996,140.098463,-30.339132384466883,-51.924540490377694
36.111931,140.098463,-30.339132769075096,-52.035490470938385
36.111931,140.098463,-30.339132769075096,-52.035490470938385
36.111931,140.098463,-30.339132769075096,-52.035490470938385
36.111931,140.098463,-30.339132769075096,-52.035490470938385
36.111931,140.098463,-30.339132769075096,-52.035490470938385
36.111931,140.098463,-30.339132769075096,-52.035490470938385
36.111931,140.098463,-30.339132769075096,-52.035490470938385
36.111931,140.098463,-30.339132769075096,-52.035490470938385
36.111931,140.098463,-30.339132769075096,-52.035490470938385
36.11193,140.09846199999998,-30.429160257674003,-52.14644013904035
36.11193,140.098463,-30.339133153683292,-52.146440451499075
36.11193,140.098463,-30.339133153683292,-52.146440451499075
36.11193,140.098463,-30.339133153683292,-52.146440451499075
36.11193,140.098463,-30.339133153683292,-52.146440451499075
36.11193,140.098463,-30.339133153683292,-52.146440451499075
36.11193,140.098464,-30.24910605198328,-52.146440762560815
36.11193,140.098465,-30.159078952573942,-52.14644107315689
36.11193,140.098465,-30.159078952573942,-52.14644107315689
36.11193,140.0984655,-30.114065400578596,-52.14644122868776
36.11193,140.098466,-30.06905185087393,-52.14644138375297
36.11193,140.098467,-29.979024749173927,-52.146441692486405
36.11193,140.098466,-30.06905185087393,-52.14644138375297
36.11193,140.098466,-30.06905185087393,-52.14644138375297
36.11193,140.098467,-29.979024749173927,-52.146441692486405
36.11193,140.098468,-29.888997647473914,-52.146441999822855
36.111929,140.098468,-29.88899802637575,-52.257391979917884
36.111928,140.098468,-29.888998405277576,-52.36834196187556
36.111928,140.098468,-29.888998405277576,-52.36834196187556
36.111926,140.098468,-29.888999163081206,-52.59024192299694
36.111926,140.098467,-29.9790262693463,-52.590241614729166
36.111926,140.098466,-30.06905337561139,-52.59024130599573
36.111926,140.098466,-30.06905337561139,-52.59024130599573
36.1119255,140.098466,-30.069053566203568,-52.64571629744023
36.111925,140.098468,-29.88899954198301,-52.70119190402329
36.111925,140.098468,-29.88899954198301,-52.70119190402329
36.111925,140.098467,-29.979026649389372,-52.70119159668684
36.111925,140.098468,-29.88899954198301,-52.70119190402329
36.111925,140.098466,-30.069053756795736,-52.70119128795341
36.111925,140.098466,-30.069053756795736,-52.70119128795341
36.111925,140.098466,-30.069053756795736,-52.70119128795341
36.111923999999995,140.098466,-30.06905413798007,-52.8121412685141
36.111923,140.098466,-30.069054519164393,-52.92309124954045
36.111925,140.098466,-30.069053756795736,-52.70119128795341
36.111925,140.0984655,-30.11406730935358,-52.70119113381952
36.1119255,140.098465,-30.159080673039295,-52.645715987775475
36.111925,140.098466,-30.069053756795736,-52.70119128795341
36.1119255,140.0984655,-30.114067118476097,-52.64571614237502
36.111925,140.0984655,-30.11406730935358,-52.70119113381952
36.111925,140.098466,-30.069053756795736,-52.70119128795341
36.111925,140.098466,-30.069053756795736,-52.70119128795341
36.1119255,140.098467,-29.979026459367837,-52.645716606639326
36.111925,140.098468,-29.88899954198301,-52.70119190402329
36.111925,140.098468,-29.88899954198301,-52.70119190402329
36.111925,140.098467,-29.979026649389372,-52.70119159668684
36.111925,140.098467,-29.979026649389372,-52.70119159668684
36.111923,140.098468,-29.889000299786588,-52.923091867007315
36.111923,140.098466,-30.069054519164393,-52.92309124954045
36.111923,140.098467,-29.97902740947548,-52.92309155873954
36.111923,140.098466,-30.069054519164393,-52.92309124954045
36.111923,140.098467,-29.97902740947548,-52.92309155873954
36.111923,140.098467,-29.97902740947548,-52.92309155873954
36.111923,140.0984655,-30.114068072863503,-52.92309109540656
36.111923,140.098465,-30.159081628853293,-52.92309093941003
36.111923,140.098466,-30.069054519164393,-52.92309124954045
36.111923,140.098466,-30.069054519164393,-52.92309124954045
36.111923,140.098466,-30.069054519164393,-52.92309124954045
36.111921,140.098466,-30.069055281533004,-53.144991209264845
36.111921,140.098466,-30.069055281533004,-53.144991209264845
36.111921,140.098467,-29.97902816956156,-53.14499151753262
36.111921,140.098466,-30.069055281533004,-53.144991209264845
36.111921,140.098466,-30.069055281533004,-53.144991209264845
36.111921,140.098466,-30.069055281533004,-53.144991209264845
36.111921,140.098466,-30.069055281533004,-53.144991209264845
36.111921,140.098468,-29.88900105759012,-53.14499182580039
36.111921,140.098468,-29.88900105759012,-53.14499182580039
36.111921,140.098468,-29.88900105759012,-53.14499182580039
36.111922,140.098468,-29.88900067868836,-53.03404184663668
36.111922,140.098468,-29.88900067868836,-53.03404184663668
36.111922,140.098468,-29.88900067868836,-53.03404184663668
36.111923,140.098466,-30.069054519164393,-52.92309124954045
36.111923,140.098466,-30.069054519164393,-52.92309124954045
36.111923,140.098468,-29.889000299786588,-52.923091867007315
36.111922,140.098468,-29.88900067868836,-53.03404184663668
36.111922,140.098468,-29.88900067868836,-53.03404184663668
36.111925,140.098468,-29.88899954198301,-52.70119190402329
36.111925,140.098468,-29.88899954198301,-52.70119190402329
36.111925,140.098468,-29.88899954198301,-52.70119190402329
36.111923999999995,140.098467,-29.97902702943243,-52.81214157724753
36.111924,140.098468,-29.8889999208848,-52.812141883186996
36.111925,140.098468,-29.88899954198301,-52.70119190402329
36.111925,140.098468,-29.88899954198301,-52.70119190402329
36.1119255,140.098468,-29.888999352532107,-52.64571691444144
36.111926999999994,140.098468,-29.8889987841794,-52.47929194243625
36.111926,140.098468,-29.888999163081206,-52.59024192299694
36.1119255,140.098468,-29.888999352532107,-52.64571691444144
36.111926999999994,140.098468,-29.8889987841794,-52.47929194243625
36.111925,140.098469,-29.79897243686735,-52.7011922118254
36.111923,140.09847,-29.70894608269948,-52.92309247981757
36.111924,140.09847,-29.708945706080236,-52.81214249692857
36.1119255,140.09847,-29.708945141151364,-52.64571752771735
36.111923,140.09847,-29.70894608269948,-52.92309247981757
36.111922,140.09847,-29.70894645931871,-53.03404246037826
36.111922,140.09847,-29.70894645931871,-53.03404246037826
36.111923,140.09847,-29.70894608269948,-52.92309247981757
36.111923,140.09847,-29.70894608269948,-52.92309247981757
36.111923,140.09847,-29.70894608269948,-52.92309247981757
36.111923,140.09847,-29.70894608269948,-52.92309247981757
36.111923,140.09847,-29.70894608269948,-52.92309247981757
36.111923,140.09847,-29.70894608269948,-52.92309247981757
36.111925,140.09847,-29.708945329460995,-52.701192517764866
36.111923,140.098471,-29.618918973010587,-52.92309278482571
36.111923,140.098471,-29.618918973010587,-52.92309278482571
36.111923,140.098471,-29.618918973010587,-52.92309278482571
36.111923,140.098471,-29.618918973010587,-52.92309278482571
36.111923,140.098471,-29.618918973010587,-52.92309278482571
36.111923,140.098471,-29.618918973010587,-52.92309278482571
36.111922,140.098471,-29.618919348488543,-53.0340427653864
36.111924,140.098471,-29.61891859753261,-52.81214280240238
36.111923,140.098473,-29.438864753632814,-52.92309339204803
36.111921,140.098473,-29.438865500023642,-53.144993351306766
36.1119205,140.098473,-29.438865686621345,-53.20046834414825
36.111922,140.098474,-29.34883801599808,-53.03404367528856
36.111923,140.098473,-29.438864753632814,-52.92309339204803
36.111921,140.098473,-29.438865500023642,-53.144993351306766
36.111922,140.098473,-29.438865126828237,-53.03404337260872
36.111923,140.098473,-29.438864753632814,-52.92309339204803
36.111923,140.098473,-29.438864753632814,-52.92309339204803
36.111923,140.098473,-29.438864753632814,-52.92309339204803
36.111925,140.098473,-29.438864007241943,-52.70119343046099
36.111923999999995,140.098473,-29.438864380437376,-52.81214341102168
36.111925,140.098473,-29.438864007241943,-52.70119343046099
36.111923,140.098475,-29.25881053425504,-52.92309399601072
36.111923,140.098475,-29.25881053425504,-52.92309399601072
36.111923,140.098475,-29.25881053425504,-52.92309399601072
36.111923,140.098475,-29.25881053425504,-52.92309399601072
36.111923,140.098475,-29.25881053425504,-52.92309399601072
36.111923,140.098475,-29.25881053425504,-52.92309399601072
36.111923,140.098475,-29.25881053425504,-52.92309399601072
36.111923,140.098476,-29.16878342456616,-52.92309429636225
36.111923,140.098476,-29.16878342456616,-52.92309429636225
36.111925,140.098476,-29.168782685022915,-52.70119433430955
36.111925,140.098476,-29.168782685022915,-52.70119433430955
36.111925,140.098476,-29.168782685022915,-52.70119433430955
36.111925,140.098476,-29.168782685022915,-52.70119433430955
36.111923999999995,140.098476,-29.16878305479454,-52.81214431487024
36.111925,140.098476,-29.168782685022915,-52.70119433430955
36.111925,140.098476,-29.168782685022915,-52.70119433430955
36.111925,140.098476,-29.168782685022915,-52.70119433430955
36.111923999999995,140.098476,-29.16878305479454,-52.81214431487024
36.111925,140.098476,-29.168782685022915,-52.70119433430955
36.111925,140.098478,-28.988728472500945,-52.701194933149964
36.111925,140.098478,-28.988728472500945,-52.701194933149964
36.111926,140.098478,-28.988728105011837,-52.59024495119229
36.111925,140.098478,-28.988728472500945,-52.701194933149964
36.111925,140.098478,-28.988728472500945,-52.701194933149964
36.111925,140.098478,-28.988728472500945,-52.701194933149964
36.111925,140.098478,-28.988728472500945,-52.701194933149964
36.111923999999995,140.098478,-28.988728839990024,-52.812144913710654
36.1119255,140.098478,-28.988728288756384,-52.64571994263679
36.111927,140.098477,-29.078754842646525,-52.479294672142714
36.111928,140.098476,-29.168781575707968,-52.368344392161816
36.11193,140.098476,-29.16878083616464,-52.14644443010911
36.111929,140.098476,-29.168781205936305,-52.25739441020414
36.1119305,140.098476,-29.1687806512788,-52.09096944052726
36.11193,140.098476,-29.16878083616464,-52.14644443010911
